Run id
uid=1000(w2cxm) gid=1000(w2cxm) groups=1000(w2cxm),4(adm),20(dialout),24(cdrom),27(sudo),29(audio),44(video),46(plugdev),60(games),100(users),102(netdev),108(lpadmin),986(gpio),988(i2c),989(spi),992(render),996(input)
RAN id
[0:16:38.674320513] [1481] [1;32m INFO [1;37mCamera [1;34mcamera_manager.cpp:340 [0mlibcamera v0.6.0+rpt20251202
[0:16:38.724782761] [1484] [1;32m INFO [1;37mIPAProxy [1;34mipa_proxy.cpp:180 [0mUsing tuning file /usr/share/libcamera/ipa/rpi/vc4/ov5647.json
[0:16:38.738521462] [1484] [1;32m INFO [1;37mCamera [1;34mcamera_manager.cpp:223 [0mAdding camera '/base/soc/i2c0mux/i2c@1/ov5647@36' for pipeline handler rpi/vc4
[0:16:38.738625576] [1484] [1;32m INFO [1;37mRPI [1;34mvc4.cpp:445 [0mRegistered camera /base/soc/i2c0mux/i2c@1/ov5647@36 to Unicam device /dev/media2 and ISP device /dev/media0
[0:16:38.738678493] [1484] [1;32m INFO [1;37mRPI [1;34mpipeline_base.cpp:1111 [0mUsing configuration file '/usr/share/libcamera/pipeline/rpi/vc4/rpi_apps.yaml'
Made X/EGL preview window
Made DRM preview window
Preview window unavailable
Mode selection for 1214:972:12:P
    SGBRG10_CSI2P,640x480/0 - Score: 3163.64
    SGBRG10_CSI2P,1296x972/0 - Score: 1052.14
    SGBRG10_CSI2P,1920x1080/0 - Score: 1401.8
    SGBRG10_CSI2P,2592x1944/0 - Score: 1619.14
Stream configuration adjusted
[0:16:39.253486971] [1481] [1;32m INFO [1;37mCamera [1;34mcamera.cpp:1215 [0mconfiguring streams: (0) 1214x972-YUV420/sYCC (1) 1296x972-SGBRG10_CSI2P/RAW
[0:16:39.254296398] [1484] [1;32m INFO [1;37mRPI [1;34mvc4.cpp:620 [0mSensor: /base/soc/i2c0mux/i2c@1/ov5647@36 - Selected sensor format: 1296x972-SGBRG10_1X10/RAW - Selected unicam format: 1296x972-pGAA/RAW
#10 (0.00 fps) exp 33239.00 ag 8.00 dg 1.00
#11 (32.41 fps) exp 33239.00 ag 8.00 dg 1.00
#12 (32.41 fps) exp 33239.00 ag 8.00 dg 1.00
#13 (32.41 fps) exp 33239.00 ag 8.00 dg 1.00
#14 (32.41 fps) exp 33239.00 ag 8.00 dg 1.00
#15 (32.41 fps) exp 33239.00 ag 8.00 dg 1.00
#16 (32.39 fps) exp 33239.00 ag 8.00 dg 1.00
#17 (32.42 fps) exp 33239.00 ag 8.00 dg 1.00
#18 (32.41 fps) exp 33239.00 ag 8.00 dg 1.00
#19 (32.40 fps) exp 33239.00 ag 8.00 dg 1.00
#20 (32.41 fps) exp 33239.00 ag 8.00 dg 1.00
#21 (32.41 fps) exp 33239.00 ag 8.00 dg 1.00
#22 (32.41 fps) exp 33239.00 ag 8.00 dg 1.00
#23 (32.40 fps) exp 33239.00 ag 8.00 dg 1.00
#24 (32.41 fps) exp 33239.00 ag 8.00 dg 1.00
#25 (32.41 fps) exp 33239.00 ag 8.00 dg 1.00
#26 (32.41 fps) exp 33239.00 ag 8.00 dg 1.00
#27 (32.41 fps) exp 33239.00 ag 8.00 dg 1.00
#28 (32.41 fps) exp 33239.00 ag 8.00 dg 1.00
#29 (32.41 fps) exp 33239.00 ag 8.00 dg 1.00
#30 (32.41 fps) exp 33239.00 ag 8.00 dg 1.00
#31 (32.41 fps) exp 33239.00 ag 8.00 dg 1.00
#32 (32.41 fps) exp 33239.00 ag 8.00 dg 1.00
#33 (32.41 fps) exp 33239.00 ag 8.00 dg 1.00
#34 (32.41 fps) exp 33239.00 ag 8.00 dg 1.00
#35 (32.40 fps) exp 33239.00 ag 8.00 dg 1.00
#36 (32.41 fps) exp 33239.00 ag 8.00 dg 1.00
#37 (32.41 fps) exp 33239.00 ag 8.00 dg 1.00
#38 (32.41 fps) exp 33239.00 ag 8.00 dg 1.00
#39 (32.41 fps) exp 33239.00 ag 8.00 dg 1.00
#40 (32.41 fps) exp 33239.00 ag 8.00 dg 1.00
#41 (32.41 fps) exp 33239.00 ag 8.00 dg 1.00
#42 (32.41 fps) exp 33239.00 ag 8.00 dg 1.00
#43 (32.41 fps) exp 33239.00 ag 8.00 dg 1.00
#44 (32.41 fps) exp 33239.00 ag 8.00 dg 1.00
#45 (32.41 fps) exp 33239.00 ag 8.00 dg 1.00
#46 (32.41 fps) exp 33239.00 ag 8.00 dg 1.00
#47 (32.41 fps) exp 33239.00 ag 8.00 dg 1.00
#48 (32.41 fps) exp 33239.00 ag 8.00 dg 1.00
#49 (32.41 fps) exp 33239.00 ag 8.00 dg 1.00
#50 (32.41 fps) exp 33239.00 ag 8.00 dg 1.00
#51 (32.40 fps) exp 33239.00 ag 8.00 dg 1.00
#52 (32.41 fps) exp 33239.00 ag 8.00 dg 1.00
#53 (32.41 fps) exp 33239.00 ag 8.00 dg 1.00
#54 (32.40 fps) exp 33239.00 ag 8.00 dg 1.00
#55 (32.41 fps) exp 33239.00 ag 8.00 dg 1.00
#56 (32.41 fps) exp 33239.00 ag 8.00 dg 1.00
#57 (32.41 fps) exp 33239.00 ag 8.00 dg 1.00
#58 (32.41 fps) exp 33239.00 ag 8.00 dg 1.00
#59 (32.41 fps) exp 33239.00 ag 8.00 dg 1.00
#60 (32.41 fps) exp 33239.00 ag 8.00 dg 1.00
#61 (32.41 fps) exp 33239.00 ag 8.00 dg 1.00
#62 (32.41 fps) exp 33239.00 ag 8.00 dg 1.00
#63 (32.41 fps) exp 33239.00 ag 8.00 dg 1.00
#64 (32.41 fps) exp 33239.00 ag 8.00 dg 1.00
#65 (32.40 fps) exp 33239.00 ag 8.00 dg 1.00
#66 (32.41 fps) exp 33239.00 ag 8.00 dg 1.00
#67 (32.41 fps) exp 33239.00 ag 8.00 dg 1.00
#68 (32.40 fps) exp 33239.00 ag 8.00 dg 1.00
#69 (32.41 fps) exp 33239.00 ag 8.00 dg 1.00
#70 (32.41 fps) exp 33239.00 ag 8.00 dg 1.00
#71 (32.41 fps) exp 33239.00 ag 8.00 dg 1.00
#72 (32.41 fps) exp 33239.00 ag 8.00 dg 1.00
#73 (32.41 fps) exp 33239.00 ag 8.00 dg 1.00
#74 (32.41 fps) exp 33239.00 ag 8.00 dg 1.00
#75 (32.41 fps) exp 33239.00 ag 8.00 dg 1.00
#76 (32.41 fps) exp 33239.00 ag 8.00 dg 1.00
#77 (32.41 fps) exp 33239.00 ag 8.00 dg 1.00
#78 (32.40 fps) exp 33239.00 ag 8.00 dg 1.00
#79 (32.41 fps) exp 33239.00 ag 8.00 dg 1.00
#80 (32.41 fps) exp 33239.00 ag 8.00 dg 1.00
#81 (32.41 fps) exp 33239.00 ag 8.00 dg 1.00
#82 (32.41 fps) exp 33239.00 ag 8.00 dg 1.00
#83 (32.41 fps) exp 33239.00 ag 8.00 dg 1.00
#84 (32.41 fps) exp 33239.00 ag 8.00 dg 1.00
#85 (32.41 fps) exp 33239.00 ag 8.00 dg 1.00
#86 (32.41 fps) exp 33239.00 ag 8.00 dg 1.00
#87 (32.41 fps) exp 33239.00 ag 8.00 dg 1.00
#88 (32.41 fps) exp 33239.00 ag 8.00 dg 1.00
#89 (32.41 fps) exp 33239.00 ag 8.00 dg 1.00
#90 (32.41 fps) exp 33239.00 ag 8.00 dg 1.00
#91 (32.40 fps) exp 33239.00 ag 8.00 dg 1.00
#92 (32.41 fps) exp 33239.00 ag 8.00 dg 1.00
#93 (32.41 fps) exp 33239.00 ag 8.00 dg 1.00
#94 (32.41 fps) exp 33239.00 ag 8.00 dg 1.00
#95 (32.41 fps) exp 33239.00 ag 8.00 dg 1.00
#96 (32.41 fps) exp 33239.00 ag 8.00 dg 1.00
#97 (32.41 fps) exp 33239.00 ag 8.00 dg 1.00
#98 (32.41 fps) exp 33239.00 ag 8.00 dg 1.00
#99 (32.41 fps) exp 33239.00 ag 8.00 dg 1.00
#100 (32.41 fps) exp 33239.00 ag 8.00 dg 1.00
#101 (32.41 fps) exp 33239.00 ag 8.00 dg 1.00
#102 (32.41 fps) exp 33239.00 ag 8.00 dg 1.00
#103 (32.41 fps) exp 33239.00 ag 8.00 dg 1.00
#104 (32.41 fps) exp 33239.00 ag 8.00 dg 1.00
#105 (32.41 fps) exp 33239.00 ag 8.00 dg 1.00
#106 (32.41 fps) exp 33239.00 ag 8.00 dg 1.00
#107 (32.41 fps) exp 33239.00 ag 8.00 dg 1.00
#108 (32.41 fps) exp 33239.00 ag 8.00 dg 1.00
#109 (32.40 fps) exp 33239.00 ag 8.00 dg 1.00
#110 (32.41 fps) exp 33239.00 ag 8.00 dg 1.00
#111 (32.41 fps) exp 33239.00 ag 8.00 dg 1.00
#112 (32.41 fps) exp 33239.00 ag 8.00 dg 1.00
#113 (32.41 fps) exp 33239.00 ag 8.00 dg 1.00
#114 (32.41 fps) exp 33239.00 ag 8.00 dg 1.00
#115 (32.41 fps) exp 33239.00 ag 8.00 dg 1.00
#116 (32.41 fps) exp 33239.00 ag 8.00 dg 1.00
#117 (32.41 fps) exp 33239.00 ag 8.00 dg 1.00
#118 (32.39 fps) exp 33239.00 ag 8.00 dg 1.00
#119 (32.42 fps) exp 33239.00 ag 8.00 dg 1.00
#120 (32.41 fps) exp 33239.00 ag 8.00 dg 1.00
#121 (32.41 fps) exp 33239.00 ag 8.00 dg 1.00
#122 (32.41 fps) exp 33239.00 ag 8.00 dg 1.00
#123 (32.40 fps) exp 33239.00 ag 8.00 dg 1.00
#124 (32.41 fps) exp 33239.00 ag 8.00 dg 1.00
#125 (32.41 fps) exp 33239.00 ag 8.00 dg 1.00
#126 (32.41 fps) exp 33239.00 ag 8.00 dg 1.00
#127 (32.41 fps) exp 33239.00 ag 8.00 dg 1.00
#128 (32.40 fps) exp 33239.00 ag 8.00 dg 1.00
#129 (32.41 fps) exp 33239.00 ag 8.00 dg 1.00
#130 (32.41 fps) exp 33239.00 ag 8.00 dg 1.00
#131 (32.41 fps) exp 33239.00 ag 8.00 dg 1.00
#132 (32.41 fps) exp 33239.00 ag 8.00 dg 1.00
#133 (32.41 fps) exp 33239.00 ag 8.00 dg 1.00
#134 (32.41 fps) exp 33239.00 ag 8.00 dg 1.00
#135 (32.41 fps) exp 33239.00 ag 8.00 dg 1.00
#136 (32.41 fps) exp 33239.00 ag 8.00 dg 1.00
#137 (32.41 fps) exp 33239.00 ag 8.00 dg 1.00
#138 (32.41 fps) exp 33239.00 ag 8.00 dg 1.00
#139 (32.41 fps) exp 33239.00 ag 8.00 dg 1.00
#140 (32.41 fps) exp 33239.00 ag 8.00 dg 1.00
#141 (32.41 fps) exp 33239.00 ag 8.00 dg 1.00
#142 (32.41 fps) exp 33239.00 ag 8.00 dg 1.00
#143 (32.41 fps) exp 33239.00 ag 8.00 dg 1.00
#144 (32.41 fps) exp 33239.00 ag 8.00 dg 1.00
#145 (32.40 fps) exp 33239.00 ag 8.00 dg 1.00
#146 (32.41 fps) exp 33239.00 ag 8.00 dg 1.00
#147 (32.41 fps) exp 33239.00 ag 8.00 dg 1.00
#148 (32.41 fps) exp 33239.00 ag 8.00 dg 1.00
#149 (32.41 fps) exp 33239.00 ag 8.00 dg 1.00
#150 (32.41 fps) exp 33239.00 ag 8.00 dg 1.00
#151 (32.41 fps) exp 33239.00 ag 8.00 dg 1.00
#152 (32.41 fps) exp 33239.00 ag 8.00 dg 1.00
#153 (32.40 fps) exp 33239.00 ag 8.00 dg 1.00
#154 (32.41 fps) exp 33239.00 ag 8.00 dg 1.00
#155 (32.41 fps) exp 33239.00 ag 8.00 dg 1.00
#156 (32.41 fps) exp 33239.00 ag 8.00 dg 1.00
#157 (32.41 fps) exp 33239.00 ag 8.00 dg 1.00
#158 (32.41 fps) exp 33239.00 ag 8.00 dg 1.00
Mode selection for 320:256:12:P
    SGBRG10_CSI2P,640x480/0 - Score: 1167.25
    SGBRG10_CSI2P,1296x972/0 - Score: 1454.25
    SGBRG10_CSI2P,1920x1080/0 - Score: 1803.92
    SGBRG10_CSI2P,2592x1944/0 - Score: 2021.25
Stream configuration adjusted
[0:16:44.336038768] [1481] [1;32m INFO [1;37mCamera [1;34mcamera.cpp:1215 [0mconfiguring streams: (0) 320x256-YUV420/sYCC (1) 640x480-SGBRG10_CSI2P/RAW
[0:16:44.341848717] [1484] [1;32m INFO [1;37mRPI [1;34mvc4.cpp:620 [0mSensor: /base/soc/i2c0mux/i2c@1/ov5647@36 - Selected sensor format: 640x480-SGBRG10_1X10/RAW - Selected unicam format: 640x480-pGAA/RAW
Still capture image received
Playing WAVE 'sstv.wav' : Signed 16 bit Little Endian, Rate 48000 Hz, Mono
Aborted by signal Terminated...
Run id
uid=1000(w2cxm) gid=1000(w2cxm) groups=1000(w2cxm),4(adm),20(dialout),24(cdrom),27(sudo),29(audio),44(video),46(plugdev),60(games),100(users),102(netdev),108(lpadmin),986(gpio),988(i2c),989(spi),992(render),996(input)
RAN id
[0:00:28.251499102] [1055] [1;32m INFO [1;37mCamera [1;34mcamera_manager.cpp:340 [0mlibcamera v0.6.0+rpt20251202
[0:00:28.306429623] [1105] [1;32m INFO [1;37mIPAProxy [1;34mipa_proxy.cpp:180 [0mUsing tuning file /usr/share/libcamera/ipa/rpi/vc4/ov5647.json
[0:00:28.321036134] [1105] [1;32m INFO [1;37mCamera [1;34mcamera_manager.cpp:223 [0mAdding camera '/base/soc/i2c0mux/i2c@1/ov5647@36' for pipeline handler rpi/vc4
[0:00:28.321168946] [1105] [1;32m INFO [1;37mRPI [1;34mvc4.cpp:445 [0mRegistered camera /base/soc/i2c0mux/i2c@1/ov5647@36 to Unicam device /dev/media1 and ISP device /dev/media0
[0:00:28.321230977] [1105] [1;32m INFO [1;37mRPI [1;34mpipeline_base.cpp:1111 [0mUsing configuration file '/usr/share/libcamera/pipeline/rpi/vc4/rpi_apps.yaml'
Made X/EGL preview window
Made DRM preview window
Preview window unavailable
Mode selection for 1214:972:12:P
    SGBRG10_CSI2P,640x480/0 - Score: 3163.64
    SGBRG10_CSI2P,1296x972/0 - Score: 1052.14
    SGBRG10_CSI2P,1920x1080/0 - Score: 1401.8
    SGBRG10_CSI2P,2592x1944/0 - Score: 1619.14
Stream configuration adjusted
[0:00:29.574129258] [1055] [1;32m INFO [1;37mCamera [1;34mcamera.cpp:1215 [0mconfiguring streams: (0) 1214x972-YUV420/sYCC (1) 1296x972-SGBRG10_CSI2P/RAW
[0:00:29.574725664] [1105] [1;32m INFO [1;37mRPI [1;34mvc4.cpp:620 [0mSensor: /base/soc/i2c0mux/i2c@1/ov5647@36 - Selected sensor format: 1296x972-SGBRG10_1X10/RAW - Selected unicam format: 1296x972-pGAA/RAW
#10 (0.00 fps) exp 33239.00 ag 8.00 dg 1.00
#11 (32.41 fps) exp 33239.00 ag 8.00 dg 1.00
#12 (32.40 fps) exp 33239.00 ag 8.00 dg 1.00
#13 (32.42 fps) exp 33239.00 ag 8.00 dg 1.00
#14 (32.40 fps) exp 33239.00 ag 8.00 dg 1.00
#15 (32.41 fps) exp 33239.00 ag 8.00 dg 1.00
#16 (32.40 fps) exp 33239.00 ag 8.00 dg 1.00
#17 (32.41 fps) exp 33239.00 ag 8.00 dg 1.00
#18 (32.41 fps) exp 33239.00 ag 8.00 dg 1.00
#19 (32.41 fps) exp 33239.00 ag 8.00 dg 1.00
#20 (32.41 fps) exp 33239.00 ag 8.00 dg 1.00
#21 (32.40 fps) exp 33239.00 ag 8.00 dg 1.00
#22 (32.40 fps) exp 33239.00 ag 8.00 dg 1.00
#23 (32.41 fps) exp 33239.00 ag 8.00 dg 1.00
#24 (32.40 fps) exp 33239.00 ag 8.00 dg 1.00
#25 (32.41 fps) exp 33239.00 ag 8.00 dg 1.00
#26 (32.41 fps) exp 33239.00 ag 8.00 dg 1.00
#27 (32.41 fps) exp 33239.00 ag 8.00 dg 1.00
#28 (32.41 fps) exp 33239.00 ag 8.00 dg 1.00
#29 (32.40 fps) exp 33239.00 ag 8.00 dg 1.00
#30 (32.40 fps) exp 33239.00 ag 8.00 dg 1.00
#31 (32.40 fps) exp 33239.00 ag 8.00 dg 1.00
#32 (32.42 fps) exp 33239.00 ag 8.00 dg 1.00
#33 (32.40 fps) exp 33239.00 ag 8.00 dg 1.00
#34 (32.41 fps) exp 33239.00 ag 8.00 dg 1.00
#35 (32.41 fps) exp 33239.00 ag 8.00 dg 1.00
#36 (32.41 fps) exp 33239.00 ag 8.00 dg 1.00
#37 (32.39 fps) exp 33239.00 ag 8.00 dg 1.00
#38 (32.42 fps) exp 33239.00 ag 8.00 dg 1.00
#39 (32.41 fps) exp 33239.00 ag 8.00 dg 1.00
#40 (32.40 fps) exp 33239.00 ag 8.00 dg 1.00
#41 (32.42 fps) exp 33239.00 ag 8.00 dg 1.00
#42 (32.40 fps) exp 33239.00 ag 8.00 dg 1.00
#43 (32.41 fps) exp 33239.00 ag 8.00 dg 1.00
#44 (32.40 fps) exp 33239.00 ag 8.00 dg 1.00
#45 (32.41 fps) exp 33239.00 ag 8.00 dg 1.00
#46 (32.41 fps) exp 33239.00 ag 8.00 dg 1.00
#47 (32.41 fps) exp 33239.00 ag 8.00 dg 1.00
#48 (32.41 fps) exp 33239.00 ag 8.00 dg 1.00
#49 (32.41 fps) exp 33239.00 ag 8.00 dg 1.00
#50 (32.40 fps) exp 33239.00 ag 8.00 dg 1.00
#51 (32.41 fps) exp 33239.00 ag 8.00 dg 1.00
#52 (32.41 fps) exp 33239.00 ag 8.00 dg 1.00
#53 (32.40 fps) exp 33239.00 ag 8.00 dg 1.00
#54 (32.41 fps) exp 33239.00 ag 8.00 dg 1.00
#55 (32.41 fps) exp 33239.00 ag 8.00 dg 1.00
#56 (32.40 fps) exp 33239.00 ag 8.00 dg 1.00
#57 (32.41 fps) exp 33239.00 ag 8.00 dg 1.00
#58 (32.41 fps) exp 33239.00 ag 8.00 dg 1.00
#59 (32.41 fps) exp 33239.00 ag 8.00 dg 1.00
#60 (32.41 fps) exp 33239.00 ag 8.00 dg 1.00
#61 (32.39 fps) exp 33239.00 ag 8.00 dg 1.00
#62 (32.42 fps) exp 33239.00 ag 8.00 dg 1.00
#63 (32.41 fps) exp 33239.00 ag 8.00 dg 1.00
#64 (32.41 fps) exp 33239.00 ag 8.00 dg 1.00
#65 (32.41 fps) exp 33239.00 ag 8.00 dg 1.00
#66 (32.41 fps) exp 33239.00 ag 8.00 dg 1.00
#67 (32.41 fps) exp 33239.00 ag 8.00 dg 1.00
#68 (32.41 fps) exp 33239.00 ag 8.00 dg 1.00
#69 (32.40 fps) exp 33239.00 ag 8.00 dg 1.00
#70 (32.42 fps) exp 33239.00 ag 8.00 dg 1.00
#71 (32.41 fps) exp 33239.00 ag 8.00 dg 1.00
#72 (32.40 fps) exp 33239.00 ag 8.00 dg 1.00
#73 (32.40 fps) exp 33239.00 ag 8.00 dg 1.00
#74 (32.41 fps) exp 33239.00 ag 8.00 dg 1.00
#75 (32.41 fps) exp 33239.00 ag 8.00 dg 1.00
#76 (32.41 fps) exp 33239.00 ag 8.00 dg 1.00
#77 (32.40 fps) exp 33239.00 ag 8.00 dg 1.00
#78 (32.40 fps) exp 33239.00 ag 8.00 dg 1.00
#79 (32.41 fps) exp 33239.00 ag 8.00 dg 1.00
#80 (32.40 fps) exp 33239.00 ag 8.00 dg 1.00
#81 (32.41 fps) exp 33239.00 ag 8.00 dg 1.00
#82 (32.41 fps) exp 33239.00 ag 8.00 dg 1.00
#83 (32.41 fps) exp 33239.00 ag 8.00 dg 1.00
#84 (32.41 fps) exp 33239.00 ag 8.00 dg 1.00
#85 (32.41 fps) exp 33239.00 ag 8.00 dg 1.00
#86 (32.41 fps) exp 33239.00 ag 8.00 dg 1.00
#87 (32.41 fps) exp 33239.00 ag 8.00 dg 1.00
#88 (32.41 fps) exp 33239.00 ag 8.00 dg 1.00
#89 (32.41 fps) exp 33239.00 ag 8.00 dg 1.00
#90 (32.41 fps) exp 33239.00 ag 8.00 dg 1.00
#91 (32.40 fps) exp 33239.00 ag 8.00 dg 1.00
#92 (32.41 fps) exp 33239.00 ag 8.00 dg 1.00
#93 (32.41 fps) exp 33239.00 ag 8.00 dg 1.00
#94 (32.41 fps) exp 33239.00 ag 8.00 dg 1.00
#95 (32.40 fps) exp 33239.00 ag 8.00 dg 1.00
#96 (32.41 fps) exp 33239.00 ag 8.00 dg 1.00
#97 (32.41 fps) exp 33239.00 ag 8.00 dg 1.00
#98 (32.40 fps) exp 33239.00 ag 8.00 dg 1.00
#99 (32.41 fps) exp 33239.00 ag 8.00 dg 1.00
#100 (32.41 fps) exp 33239.00 ag 8.00 dg 1.00
#101 (32.41 fps) exp 33239.00 ag 8.00 dg 1.00
#102 (32.40 fps) exp 33239.00 ag 8.00 dg 1.00
#103 (32.41 fps) exp 33239.00 ag 8.00 dg 1.00
#104 (32.41 fps) exp 33239.00 ag 8.00 dg 1.00
#105 (32.41 fps) exp 33239.00 ag 8.00 dg 1.00
#106 (32.41 fps) exp 33239.00 ag 8.00 dg 1.00
#107 (32.41 fps) exp 33239.00 ag 8.00 dg 1.00
#108 (32.41 fps) exp 33239.00 ag 8.00 dg 1.00
#109 (32.41 fps) exp 33239.00 ag 8.00 dg 1.00
#110 (32.41 fps) exp 33239.00 ag 8.00 dg 1.00
#111 (32.41 fps) exp 33239.00 ag 8.00 dg 1.00
#112 (32.41 fps) exp 33239.00 ag 8.00 dg 1.00
#113 (32.41 fps) exp 33239.00 ag 8.00 dg 1.00
#114 (32.41 fps) exp 33239.00 ag 8.00 dg 1.00
#115 (32.41 fps) exp 33239.00 ag 8.00 dg 1.00
#116 (32.41 fps) exp 33239.00 ag 8.00 dg 1.00
#117 (32.41 fps) exp 33239.00 ag 8.00 dg 1.00
#118 (32.41 fps) exp 33239.00 ag 8.00 dg 1.00
#119 (32.41 fps) exp 33239.00 ag 8.00 dg 1.00
#120 (32.41 fps) exp 33239.00 ag 8.00 dg 1.00
#121 (32.41 fps) exp 33239.00 ag 8.00 dg 1.00
#122 (32.41 fps) exp 33239.00 ag 8.00 dg 1.00
#123 (32.41 fps) exp 33239.00 ag 8.00 dg 1.00
#124 (32.41 fps) exp 33239.00 ag 8.00 dg 1.00
#125 (32.41 fps) exp 33239.00 ag 8.00 dg 1.00
#126 (32.41 fps) exp 33239.00 ag 8.00 dg 1.00
#127 (32.41 fps) exp 33239.00 ag 8.00 dg 1.00
#128 (32.41 fps) exp 33239.00 ag 8.00 dg 1.00
#129 (32.41 fps) exp 33239.00 ag 8.00 dg 1.00
#130 (32.41 fps) exp 33239.00 ag 8.00 dg 1.00
#131 (32.41 fps) exp 33239.00 ag 8.00 dg 1.00
#132 (32.41 fps) exp 33239.00 ag 8.00 dg 1.00
#133 (32.41 fps) exp 33239.00 ag 8.00 dg 1.00
#134 (32.41 fps) exp 33239.00 ag 8.00 dg 1.00
#135 (32.41 fps) exp 33239.00 ag 8.00 dg 1.00
#136 (32.41 fps) exp 33239.00 ag 8.00 dg 1.00
#137 (32.41 fps) exp 33239.00 ag 8.00 dg 1.00
#138 (32.41 fps) exp 33239.00 ag 8.00 dg 1.00
#139 (32.40 fps) exp 33239.00 ag 8.00 dg 1.00
#140 (32.41 fps) exp 33239.00 ag 8.00 dg 1.00
#141 (32.41 fps) exp 33239.00 ag 8.00 dg 1.00
#142 (32.41 fps) exp 33239.00 ag 8.00 dg 1.00
#143 (32.41 fps) exp 33239.00 ag 8.00 dg 1.00
#144 (32.41 fps) exp 33239.00 ag 8.00 dg 1.00
#145 (32.41 fps) exp 33239.00 ag 8.00 dg 1.00
#146 (32.41 fps) exp 33239.00 ag 8.00 dg 1.00
#147 (32.40 fps) exp 33239.00 ag 8.00 dg 1.00
#148 (32.41 fps) exp 33239.00 ag 8.00 dg 1.00
#149 (32.41 fps) exp 33239.00 ag 8.00 dg 1.00
#150 (32.41 fps) exp 33239.00 ag 8.00 dg 1.00
#151 (32.40 fps) exp 33239.00 ag 8.00 dg 1.00
#152 (32.41 fps) exp 33239.00 ag 8.00 dg 1.00
#153 (32.41 fps) exp 33239.00 ag 8.00 dg 1.00
#154 (32.41 fps) exp 33239.00 ag 8.00 dg 1.00
#155 (32.41 fps) exp 33239.00 ag 8.00 dg 1.00
#156 (32.41 fps) exp 33239.00 ag 8.00 dg 1.00
#157 (32.41 fps) exp 33239.00 ag 8.00 dg 1.00
Mode selection for 320:256:12:P
    SGBRG10_CSI2P,640x480/0 - Score: 1167.25
    SGBRG10_CSI2P,1296x972/0 - Score: 1454.25
    SGBRG10_CSI2P,1920x1080/0 - Score: 1803.92
    SGBRG10_CSI2P,2592x1944/0 - Score: 2021.25
Stream configuration adjusted
[0:00:34.659456288] [1055] [1;32m INFO [1;37mCamera [1;34mcamera.cpp:1215 [0mconfiguring streams: (0) 320x256-YUV420/sYCC (1) 640x480-SGBRG10_CSI2P/RAW
[0:00:34.662595246] [1105] [1;32m INFO [1;37mRPI [1;34mvc4.cpp:620 [0mSensor: /base/soc/i2c0mux/i2c@1/ov5647@36 - Selected sensor format: 640x480-SGBRG10_1X10/RAW - Selected unicam format: 640x480-pGAA/RAW
Still capture image received
Playing WAVE 'sstv.wav' : Signed 16 bit Little Endian, Rate 48000 Hz, Mono
transmit.sh: line 10: =: command not found

real	0m0.003s
user	0m0.003s
sys	0m0.000s
Run id
uid=1000(w2cxm) gid=1000(w2cxm) groups=1000(w2cxm),4(adm),20(dialout),24(cdrom),27(sudo),29(audio),44(video),46(plugdev),60(games),100(users),102(netdev),108(lpadmin),986(gpio),988(i2c),989(spi),992(render),996(input)
RAN id
[0:00:29.018212020] [1011] [1;32m INFO [1;37mCamera [1;34mcamera_manager.cpp:340 [0mlibcamera v0.6.0+rpt20251202
Made X/EGL preview window
Made DRM preview window
Preview window unavailable
ERROR: *** no cameras available ***
Error: Image file not found. Please check the path.
Playing WAVE 'sstv.wav' : Signed 16 bit Little Endian, Rate 48000 Hz, Mono
transmit.sh: line 10: =: command not found

real	0m0.004s
user	0m0.003s
sys	0m0.001s
mv: cannot stat 'latest_raw.jpg': No such file or directory
Run id
uid=1000(w2cxm) gid=1000(w2cxm) groups=1000(w2cxm),4(adm),20(dialout),24(cdrom),27(sudo),29(audio),44(video),46(plugdev),60(games),100(users),102(netdev),108(lpadmin),986(gpio),988(i2c),989(spi),992(render),996(input)
RAN id
[0:00:28.742092644] [1039] [1;32m INFO [1;37mCamera [1;34mcamera_manager.cpp:340 [0mlibcamera v0.6.0+rpt20251202
[0:00:28.798916238] [1109] [1;32m INFO [1;37mIPAProxy [1;34mipa_proxy.cpp:180 [0mUsing tuning file /usr/share/libcamera/ipa/rpi/vc4/ov5647.json
[0:00:28.818277019] [1109] [1;32m INFO [1;37mCamera [1;34mcamera_manager.cpp:223 [0mAdding camera '/base/soc/i2c0mux/i2c@1/ov5647@36' for pipeline handler rpi/vc4
[0:00:28.818378321] [1109] [1;32m INFO [1;37mRPI [1;34mvc4.cpp:445 [0mRegistered camera /base/soc/i2c0mux/i2c@1/ov5647@36 to Unicam device /dev/media3 and ISP device /dev/media0
[0:00:28.818439207] [1109] [1;32m INFO [1;37mRPI [1;34mpipeline_base.cpp:1111 [0mUsing configuration file '/usr/share/libcamera/pipeline/rpi/vc4/rpi_apps.yaml'
Made X/EGL preview window
Made DRM preview window
Preview window unavailable
Mode selection for 1214:972:12:P
    SGBRG10_CSI2P,640x480/0 - Score: 3163.64
    SGBRG10_CSI2P,1296x972/0 - Score: 1052.14
    SGBRG10_CSI2P,1920x1080/0 - Score: 1401.8
    SGBRG10_CSI2P,2592x1944/0 - Score: 1619.14
Stream configuration adjusted
[0:00:30.078479935] [1039] [1;32m INFO [1;37mCamera [1;34mcamera.cpp:1215 [0mconfiguring streams: (0) 1214x972-YUV420/sYCC (1) 1296x972-SGBRG10_CSI2P/RAW
[0:00:30.080363685] [1109] [1;32m INFO [1;37mRPI [1;34mvc4.cpp:620 [0mSensor: /base/soc/i2c0mux/i2c@1/ov5647@36 - Selected sensor format: 1296x972-SGBRG10_1X10/RAW - Selected unicam format: 1296x972-pGAA/RAW
#10 (0.00 fps) exp 5352.00 ag 1.00 dg 1.00
#11 (32.41 fps) exp 5352.00 ag 1.00 dg 1.00
#12 (32.41 fps) exp 5352.00 ag 1.00 dg 1.00
#13 (32.41 fps) exp 5352.00 ag 1.00 dg 1.00
#14 (32.41 fps) exp 5330.00 ag 1.00 dg 1.00
#15 (32.36 fps) exp 5330.00 ag 1.00 dg 1.00
#16 (32.45 fps) exp 5330.00 ag 1.00 dg 1.00
#17 (32.41 fps) exp 5330.00 ag 1.00 dg 1.00
#18 (32.41 fps) exp 5330.00 ag 1.00 dg 1.00
#19 (32.40 fps) exp 5330.00 ag 1.00 dg 1.00
#20 (32.41 fps) exp 5330.00 ag 1.00 dg 1.00
#21 (32.40 fps) exp 5330.00 ag 1.00 dg 1.00
#22 (32.41 fps) exp 5330.00 ag 1.00 dg 1.00
#23 (32.41 fps) exp 5330.00 ag 1.00 dg 1.00
#24 (32.40 fps) exp 5330.00 ag 1.00 dg 1.00
#25 (32.40 fps) exp 5330.00 ag 1.00 dg 1.00
#26 (32.41 fps) exp 5330.00 ag 1.00 dg 1.00
#27 (32.41 fps) exp 5330.00 ag 1.00 dg 1.00
#28 (32.41 fps) exp 5330.00 ag 1.00 dg 1.00
#29 (32.40 fps) exp 5330.00 ag 1.00 dg 1.00
#30 (32.42 fps) exp 5330.00 ag 1.00 dg 1.00
#31 (32.40 fps) exp 5330.00 ag 1.00 dg 1.00
#32 (32.39 fps) exp 5330.00 ag 1.00 dg 1.00
#33 (32.42 fps) exp 5330.00 ag 1.00 dg 1.00
#34 (32.41 fps) exp 5330.00 ag 1.00 dg 1.00
#35 (32.41 fps) exp 5330.00 ag 1.00 dg 1.00
#36 (32.40 fps) exp 5330.00 ag 1.00 dg 1.00
#37 (32.41 fps) exp 5330.00 ag 1.00 dg 1.00
#38 (32.41 fps) exp 5330.00 ag 1.00 dg 1.00
#39 (32.41 fps) exp 5330.00 ag 1.00 dg 1.00
#40 (32.41 fps) exp 5330.00 ag 1.00 dg 1.00
#41 (32.41 fps) exp 5330.00 ag 1.00 dg 1.00
#42 (32.41 fps) exp 5330.00 ag 1.00 dg 1.00
#43 (32.40 fps) exp 5330.00 ag 1.00 dg 1.00
#44 (32.41 fps) exp 5330.00 ag 1.00 dg 1.00
#45 (32.41 fps) exp 5330.00 ag 1.00 dg 1.00
#46 (32.41 fps) exp 5330.00 ag 1.00 dg 1.00
#47 (32.41 fps) exp 5330.00 ag 1.00 dg 1.00
#48 (32.41 fps) exp 5330.00 ag 1.00 dg 1.00
#49 (32.40 fps) exp 5330.00 ag 1.00 dg 1.00
#50 (32.41 fps) exp 5330.00 ag 1.00 dg 1.00
#51 (32.40 fps) exp 5330.00 ag 1.00 dg 1.00
#52 (32.41 fps) exp 5330.00 ag 1.00 dg 1.00
#53 (32.41 fps) exp 5330.00 ag 1.00 dg 1.00
#54 (32.40 fps) exp 5330.00 ag 1.00 dg 1.00
#55 (32.41 fps) exp 5330.00 ag 1.00 dg 1.00
#56 (32.40 fps) exp 5330.00 ag 1.00 dg 1.00
#57 (32.41 fps) exp 5330.00 ag 1.00 dg 1.00
#58 (32.40 fps) exp 5330.00 ag 1.00 dg 1.00
#59 (32.42 fps) exp 5330.00 ag 1.00 dg 1.00
#60 (32.40 fps) exp 5330.00 ag 1.00 dg 1.00
#61 (32.40 fps) exp 5330.00 ag 1.00 dg 1.00
#62 (32.42 fps) exp 5330.00 ag 1.00 dg 1.00
#63 (32.41 fps) exp 5330.00 ag 1.00 dg 1.00
#64 (32.41 fps) exp 5330.00 ag 1.00 dg 1.00
#65 (32.40 fps) exp 5330.00 ag 1.00 dg 1.00
#66 (32.41 fps) exp 5330.00 ag 1.00 dg 1.00
#67 (32.41 fps) exp 5330.00 ag 1.00 dg 1.00
#68 (32.40 fps) exp 5330.00 ag 1.00 dg 1.00
#69 (32.41 fps) exp 5330.00 ag 1.00 dg 1.00
#70 (32.40 fps) exp 5330.00 ag 1.00 dg 1.00
#71 (32.41 fps) exp 5330.00 ag 1.00 dg 1.00
#72 (32.40 fps) exp 5330.00 ag 1.00 dg 1.00
#73 (32.40 fps) exp 5330.00 ag 1.00 dg 1.00
#74 (32.41 fps) exp 5330.00 ag 1.00 dg 1.00
#75 (32.40 fps) exp 5330.00 ag 1.00 dg 1.00
#76 (32.41 fps) exp 5330.00 ag 1.00 dg 1.00
#77 (32.41 fps) exp 5330.00 ag 1.00 dg 1.00
#78 (32.40 fps) exp 5330.00 ag 1.00 dg 1.00
#79 (32.41 fps) exp 5330.00 ag 1.00 dg 1.00
#80 (32.41 fps) exp 5330.00 ag 1.00 dg 1.00
#81 (32.41 fps) exp 5330.00 ag 1.00 dg 1.00
#82 (32.41 fps) exp 5330.00 ag 1.00 dg 1.00
#83 (32.41 fps) exp 5330.00 ag 1.00 dg 1.00
#84 (32.41 fps) exp 5330.00 ag 1.00 dg 1.00
#85 (32.40 fps) exp 5330.00 ag 1.00 dg 1.00
#86 (32.41 fps) exp 5330.00 ag 1.00 dg 1.00
#87 (32.41 fps) exp 5330.00 ag 1.00 dg 1.00
#88 (32.41 fps) exp 5330.00 ag 1.00 dg 1.00
#89 (32.41 fps) exp 5330.00 ag 1.00 dg 1.00
#90 (32.40 fps) exp 5330.00 ag 1.00 dg 1.00
#91 (32.41 fps) exp 5330.00 ag 1.00 dg 1.00
#92 (32.40 fps) exp 5330.00 ag 1.00 dg 1.00
#93 (32.41 fps) exp 5330.00 ag 1.00 dg 1.00
#94 (32.40 fps) exp 5330.00 ag 1.00 dg 1.00
#95 (32.41 fps) exp 5330.00 ag 1.00 dg 1.00
#96 (32.40 fps) exp 5330.00 ag 1.00 dg 1.00
#97 (32.40 fps) exp 5330.00 ag 1.00 dg 1.00
#98 (32.41 fps) exp 5330.00 ag 1.00 dg 1.00
#99 (32.41 fps) exp 5330.00 ag 1.00 dg 1.00
#100 (32.40 fps) exp 5330.00 ag 1.00 dg 1.00
#101 (32.40 fps) exp 5330.00 ag 1.00 dg 1.00
#102 (32.42 fps) exp 5330.00 ag 1.00 dg 1.00
#103 (32.39 fps) exp 5330.00 ag 1.00 dg 1.00
#104 (32.42 fps) exp 5330.00 ag 1.00 dg 1.00
#105 (32.41 fps) exp 5330.00 ag 1.00 dg 1.00
#106 (32.40 fps) exp 5330.00 ag 1.00 dg 1.00
#107 (32.41 fps) exp 5330.00 ag 1.00 dg 1.00
#108 (32.41 fps) exp 5330.00 ag 1.00 dg 1.00
#109 (32.40 fps) exp 5330.00 ag 1.00 dg 1.00
#110 (32.41 fps) exp 5330.00 ag 1.00 dg 1.00
#111 (32.41 fps) exp 5330.00 ag 1.00 dg 1.00
#112 (32.41 fps) exp 5330.00 ag 1.00 dg 1.00
#113 (32.41 fps) exp 5330.00 ag 1.00 dg 1.00
#114 (32.41 fps) exp 5330.00 ag 1.00 dg 1.00
#115 (32.41 fps) exp 5330.00 ag 1.00 dg 1.00
#116 (32.41 fps) exp 5330.00 ag 1.00 dg 1.00
#117 (32.41 fps) exp 5330.00 ag 1.00 dg 1.00
#118 (32.41 fps) exp 5330.00 ag 1.00 dg 1.00
#119 (32.41 fps) exp 5330.00 ag 1.00 dg 1.00
#120 (32.41 fps) exp 5330.00 ag 1.00 dg 1.00
#121 (32.41 fps) exp 5330.00 ag 1.00 dg 1.00
#122 (32.41 fps) exp 5330.00 ag 1.00 dg 1.00
#123 (32.40 fps) exp 5330.00 ag 1.00 dg 1.00
#124 (32.41 fps) exp 5330.00 ag 1.00 dg 1.00
#125 (32.41 fps) exp 5330.00 ag 1.00 dg 1.00
#126 (32.41 fps) exp 5330.00 ag 1.00 dg 1.00
#127 (32.41 fps) exp 5330.00 ag 1.00 dg 1.00
#128 (32.41 fps) exp 5330.00 ag 1.00 dg 1.00
#129 (32.40 fps) exp 5330.00 ag 1.00 dg 1.00
#130 (32.41 fps) exp 5330.00 ag 1.00 dg 1.00
#131 (32.41 fps) exp 5330.00 ag 1.00 dg 1.00
#132 (32.41 fps) exp 5330.00 ag 1.00 dg 1.00
#133 (32.41 fps) exp 5330.00 ag 1.00 dg 1.00
#134 (32.41 fps) exp 5330.00 ag 1.00 dg 1.00
#135 (32.41 fps) exp 5330.00 ag 1.00 dg 1.00
#136 (32.41 fps) exp 5330.00 ag 1.00 dg 1.00
#137 (32.40 fps) exp 5330.00 ag 1.00 dg 1.00
#138 (32.41 fps) exp 5330.00 ag 1.00 dg 1.00
#139 (32.41 fps) exp 5330.00 ag 1.00 dg 1.00
#140 (32.41 fps) exp 5330.00 ag 1.00 dg 1.00
#141 (32.41 fps) exp 5330.00 ag 1.00 dg 1.00
#142 (32.41 fps) exp 5330.00 ag 1.00 dg 1.00
#143 (32.41 fps) exp 5330.00 ag 1.00 dg 1.00
#144 (32.40 fps) exp 5330.00 ag 1.00 dg 1.00
#145 (32.41 fps) exp 5330.00 ag 1.00 dg 1.00
#146 (32.41 fps) exp 5330.00 ag 1.00 dg 1.00
#147 (32.40 fps) exp 5330.00 ag 1.00 dg 1.00
#148 (32.41 fps) exp 5330.00 ag 1.00 dg 1.00
#149 (32.41 fps) exp 5330.00 ag 1.00 dg 1.00
#150 (32.41 fps) exp 5330.00 ag 1.00 dg 1.00
#151 (32.41 fps) exp 5330.00 ag 1.00 dg 1.00
#152 (32.41 fps) exp 5330.00 ag 1.00 dg 1.00
#153 (32.40 fps) exp 5330.00 ag 1.00 dg 1.00
#154 (32.41 fps) exp 5330.00 ag 1.00 dg 1.00
#155 (32.41 fps) exp 5330.00 ag 1.00 dg 1.00
#156 (32.40 fps) exp 5330.00 ag 1.00 dg 1.00
#157 (32.41 fps) exp 5330.00 ag 1.00 dg 1.00
#158 (32.41 fps) exp 5330.00 ag 1.00 dg 1.00
Mode selection for 320:256:12:P
    SGBRG10_CSI2P,640x480/0 - Score: 1167.25
    SGBRG10_CSI2P,1296x972/0 - Score: 1454.25
    SGBRG10_CSI2P,1920x1080/0 - Score: 1803.92
    SGBRG10_CSI2P,2592x1944/0 - Score: 2021.25
Stream configuration adjusted
[0:00:35.155694308] [1039] [1;32m INFO [1;37mCamera [1;34mcamera.cpp:1215 [0mconfiguring streams: (0) 320x256-YUV420/sYCC (1) 640x480-SGBRG10_CSI2P/RAW
[0:00:35.158602329] [1109] [1;32m INFO [1;37mRPI [1;34mvc4.cpp:620 [0mSensor: /base/soc/i2c0mux/i2c@1/ov5647@36 - Selected sensor format: 640x480-SGBRG10_1X10/RAW - Selected unicam format: 640x480-pGAA/RAW
Still capture image received
Playing WAVE 'sstv.wav' : Signed 16 bit Little Endian, Rate 48000 Hz, Mono
transmit.sh: line 10: =: command not found

real	0m0.004s
user	0m0.003s
sys	0m0.001s
Run id
uid=1000(w2cxm) gid=1000(w2cxm) groups=1000(w2cxm),4(adm),20(dialout),24(cdrom),27(sudo),29(audio),44(video),46(plugdev),60(games),100(users),102(netdev),108(lpadmin),986(gpio),988(i2c),989(spi),992(render),996(input)
RAN id
[0:05:00.558588451] [1525] [1;32m INFO [1;37mCamera [1;34mcamera_manager.cpp:340 [0mlibcamera v0.6.0+rpt20251202
[0:05:00.610436746] [1528] [1;32m INFO [1;37mIPAProxy [1;34mipa_proxy.cpp:180 [0mUsing tuning file /usr/share/libcamera/ipa/rpi/vc4/ov5647.json
[0:05:00.624297505] [1528] [1;32m INFO [1;37mCamera [1;34mcamera_manager.cpp:223 [0mAdding camera '/base/soc/i2c0mux/i2c@1/ov5647@36' for pipeline handler rpi/vc4
[0:05:00.624401573] [1528] [1;32m INFO [1;37mRPI [1;34mvc4.cpp:445 [0mRegistered camera /base/soc/i2c0mux/i2c@1/ov5647@36 to Unicam device /dev/media3 and ISP device /dev/media0
[0:05:00.624453920] [1528] [1;32m INFO [1;37mRPI [1;34mpipeline_base.cpp:1111 [0mUsing configuration file '/usr/share/libcamera/pipeline/rpi/vc4/rpi_apps.yaml'
Made X/EGL preview window
Made DRM preview window
Preview window unavailable
Mode selection for 1214:972:12:P
    SGBRG10_CSI2P,640x480/0 - Score: 3163.64
    SGBRG10_CSI2P,1296x972/0 - Score: 1052.14
    SGBRG10_CSI2P,1920x1080/0 - Score: 1401.8
    SGBRG10_CSI2P,2592x1944/0 - Score: 1619.14
Stream configuration adjusted
[0:05:00.694364522] [1525] [1;32m INFO [1;37mCamera [1;34mcamera.cpp:1215 [0mconfiguring streams: (0) 1214x972-YUV420/sYCC (1) 1296x972-SGBRG10_CSI2P/RAW
[0:05:00.694891741] [1528] [1;32m INFO [1;37mRPI [1;34mvc4.cpp:620 [0mSensor: /base/soc/i2c0mux/i2c@1/ov5647@36 - Selected sensor format: 1296x972-SGBRG10_1X10/RAW - Selected unicam format: 1296x972-pGAA/RAW
#10 (0.00 fps) exp 6327.00 ag 1.00 dg 1.00
#11 (32.41 fps) exp 6327.00 ag 1.00 dg 1.00
#12 (32.40 fps) exp 6327.00 ag 1.00 dg 1.00
#13 (32.40 fps) exp 6327.00 ag 1.00 dg 1.00
#14 (32.41 fps) exp 6327.00 ag 1.00 dg 1.00
#15 (32.40 fps) exp 6327.00 ag 1.00 dg 1.00
#16 (32.40 fps) exp 6327.00 ag 1.00 dg 1.00
#17 (32.41 fps) exp 6327.00 ag 1.00 dg 1.00
#18 (32.40 fps) exp 6327.00 ag 1.00 dg 1.00
#19 (32.40 fps) exp 6327.00 ag 1.00 dg 1.00
#20 (32.41 fps) exp 6327.00 ag 1.00 dg 1.00
#21 (32.40 fps) exp 6327.00 ag 1.00 dg 1.00
#22 (32.40 fps) exp 6327.00 ag 1.00 dg 1.00
#23 (32.41 fps) exp 6327.00 ag 1.00 dg 1.00
#24 (32.41 fps) exp 6327.00 ag 1.00 dg 1.00
#25 (32.41 fps) exp 6327.00 ag 1.00 dg 1.00
#26 (32.40 fps) exp 6327.00 ag 1.00 dg 1.00
#27 (32.41 fps) exp 6327.00 ag 1.00 dg 1.00
#28 (32.40 fps) exp 6327.00 ag 1.00 dg 1.00
#29 (32.40 fps) exp 6327.00 ag 1.00 dg 1.00
#30 (32.41 fps) exp 6327.00 ag 1.00 dg 1.00
#31 (32.40 fps) exp 6327.00 ag 1.00 dg 1.00
#32 (32.40 fps) exp 6327.00 ag 1.00 dg 1.00
#33 (32.41 fps) exp 6327.00 ag 1.00 dg 1.00
#34 (32.40 fps) exp 6327.00 ag 1.00 dg 1.00
#35 (32.40 fps) exp 6327.00 ag 1.00 dg 1.00
#36 (32.41 fps) exp 6327.00 ag 1.00 dg 1.00
#37 (32.40 fps) exp 6327.00 ag 1.00 dg 1.00
#38 (32.41 fps) exp 6327.00 ag 1.00 dg 1.00
#39 (32.40 fps) exp 6327.00 ag 1.00 dg 1.00
#40 (32.41 fps) exp 6327.00 ag 1.00 dg 1.00
#41 (32.40 fps) exp 6327.00 ag 1.00 dg 1.00
#42 (32.40 fps) exp 6327.00 ag 1.00 dg 1.00
#43 (32.40 fps) exp 6327.00 ag 1.00 dg 1.00
#44 (32.41 fps) exp 6327.00 ag 1.00 dg 1.00
#45 (32.40 fps) exp 6327.00 ag 1.00 dg 1.00
#46 (32.41 fps) exp 6327.00 ag 1.00 dg 1.00
#47 (32.38 fps) exp 6327.00 ag 1.00 dg 1.00
#48 (32.43 fps) exp 6327.00 ag 1.00 dg 1.00
#49 (32.40 fps) exp 6327.00 ag 1.00 dg 1.00
#50 (32.40 fps) exp 6327.00 ag 1.00 dg 1.00
#51 (32.40 fps) exp 6327.00 ag 1.00 dg 1.00
#52 (32.41 fps) exp 6327.00 ag 1.00 dg 1.00
#53 (32.40 fps) exp 6327.00 ag 1.00 dg 1.00
#54 (32.40 fps) exp 6327.00 ag 1.00 dg 1.00
#55 (32.41 fps) exp 6327.00 ag 1.00 dg 1.00
#56 (32.41 fps) exp 6327.00 ag 1.00 dg 1.00
#57 (32.40 fps) exp 6327.00 ag 1.00 dg 1.00
#58 (32.41 fps) exp 6327.00 ag 1.00 dg 1.00
#59 (32.41 fps) exp 6327.00 ag 1.00 dg 1.00
#60 (32.40 fps) exp 6327.00 ag 1.00 dg 1.00
#61 (32.40 fps) exp 6327.00 ag 1.00 dg 1.00
#62 (32.41 fps) exp 6327.00 ag 1.00 dg 1.00
#63 (32.41 fps) exp 6327.00 ag 1.00 dg 1.00
#64 (32.40 fps) exp 6327.00 ag 1.00 dg 1.00
#65 (32.41 fps) exp 6327.00 ag 1.00 dg 1.00
#66 (32.40 fps) exp 6327.00 ag 1.00 dg 1.00
#67 (32.41 fps) exp 6327.00 ag 1.00 dg 1.00
#68 (32.40 fps) exp 6327.00 ag 1.00 dg 1.00
#69 (32.41 fps) exp 6327.00 ag 1.00 dg 1.00
#70 (32.41 fps) exp 6327.00 ag 1.00 dg 1.00
#71 (32.39 fps) exp 6327.00 ag 1.00 dg 1.00
#72 (32.42 fps) exp 6327.00 ag 1.00 dg 1.00
#73 (32.41 fps) exp 6327.00 ag 1.00 dg 1.00
#74 (32.40 fps) exp 6327.00 ag 1.00 dg 1.00
#75 (32.41 fps) exp 6327.00 ag 1.00 dg 1.00
#76 (32.41 fps) exp 6327.00 ag 1.00 dg 1.00
#77 (32.40 fps) exp 6327.00 ag 1.00 dg 1.00
#78 (32.41 fps) exp 6327.00 ag 1.00 dg 1.00
#79 (32.41 fps) exp 6327.00 ag 1.00 dg 1.00
#80 (32.40 fps) exp 6327.00 ag 1.00 dg 1.00
#81 (32.41 fps) exp 6327.00 ag 1.00 dg 1.00
#82 (32.41 fps) exp 6327.00 ag 1.00 dg 1.00
#83 (32.40 fps) exp 6327.00 ag 1.00 dg 1.00
#84 (32.40 fps) exp 6327.00 ag 1.00 dg 1.00
#85 (32.41 fps) exp 6327.00 ag 1.00 dg 1.00
#86 (32.41 fps) exp 6327.00 ag 1.00 dg 1.00
#87 (32.40 fps) exp 6327.00 ag 1.00 dg 1.00
#88 (32.40 fps) exp 6327.00 ag 1.00 dg 1.00
#89 (32.40 fps) exp 6327.00 ag 1.00 dg 1.00
#90 (32.41 fps) exp 6327.00 ag 1.00 dg 1.00
#91 (32.41 fps) exp 6327.00 ag 1.00 dg 1.00
#92 (32.40 fps) exp 6327.00 ag 1.00 dg 1.00
#93 (32.41 fps) exp 6327.00 ag 1.00 dg 1.00
#94 (32.41 fps) exp 6327.00 ag 1.00 dg 1.00
#95 (32.40 fps) exp 6327.00 ag 1.00 dg 1.00
#96 (32.41 fps) exp 6327.00 ag 1.00 dg 1.00
#97 (32.40 fps) exp 6327.00 ag 1.00 dg 1.00
#98 (32.40 fps) exp 6327.00 ag 1.00 dg 1.00
#99 (32.41 fps) exp 6327.00 ag 1.00 dg 1.00
#100 (32.40 fps) exp 6327.00 ag 1.00 dg 1.00
#101 (32.41 fps) exp 6327.00 ag 1.00 dg 1.00
#102 (32.40 fps) exp 6327.00 ag 1.00 dg 1.00
#103 (32.40 fps) exp 6327.00 ag 1.00 dg 1.00
#104 (32.41 fps) exp 6327.00 ag 1.00 dg 1.00
#105 (32.41 fps) exp 6327.00 ag 1.00 dg 1.00
#106 (32.41 fps) exp 6327.00 ag 1.00 dg 1.00
#107 (32.40 fps) exp 6327.00 ag 1.00 dg 1.00
#108 (32.41 fps) exp 6327.00 ag 1.00 dg 1.00
#109 (32.41 fps) exp 6327.00 ag 1.00 dg 1.00
#110 (32.41 fps) exp 6327.00 ag 1.00 dg 1.00
#111 (32.41 fps) exp 6327.00 ag 1.00 dg 1.00
#112 (32.40 fps) exp 6327.00 ag 1.00 dg 1.00
#113 (32.41 fps) exp 6327.00 ag 1.00 dg 1.00
#114 (32.40 fps) exp 6327.00 ag 1.00 dg 1.00
#115 (32.41 fps) exp 6327.00 ag 1.00 dg 1.00
#116 (32.40 fps) exp 6327.00 ag 1.00 dg 1.00
#117 (32.41 fps) exp 6327.00 ag 1.00 dg 1.00
#118 (32.40 fps) exp 6327.00 ag 1.00 dg 1.00
#119 (32.40 fps) exp 6327.00 ag 1.00 dg 1.00
#120 (32.41 fps) exp 6327.00 ag 1.00 dg 1.00
#121 (32.41 fps) exp 6327.00 ag 1.00 dg 1.00
#122 (32.40 fps) exp 6327.00 ag 1.00 dg 1.00
#123 (32.40 fps) exp 6327.00 ag 1.00 dg 1.00
#124 (32.41 fps) exp 6327.00 ag 1.00 dg 1.00
#125 (32.40 fps) exp 6327.00 ag 1.00 dg 1.00
#126 (32.40 fps) exp 6327.00 ag 1.00 dg 1.00
#127 (32.41 fps) exp 6327.00 ag 1.00 dg 1.00
#128 (32.41 fps) exp 6327.00 ag 1.00 dg 1.00
#129 (32.41 fps) exp 6327.00 ag 1.00 dg 1.00
#130 (32.39 fps) exp 6327.00 ag 1.00 dg 1.00
#131 (32.42 fps) exp 6327.00 ag 1.00 dg 1.00
#132 (32.41 fps) exp 6327.00 ag 1.00 dg 1.00
#133 (32.41 fps) exp 6327.00 ag 1.00 dg 1.00
#134 (32.40 fps) exp 6327.00 ag 1.00 dg 1.00
#135 (32.41 fps) exp 6327.00 ag 1.00 dg 1.00
#136 (32.40 fps) exp 6327.00 ag 1.00 dg 1.00
#137 (32.41 fps) exp 6327.00 ag 1.00 dg 1.00
#138 (32.40 fps) exp 6327.00 ag 1.00 dg 1.00
#139 (32.41 fps) exp 6327.00 ag 1.00 dg 1.00
#140 (32.40 fps) exp 6327.00 ag 1.00 dg 1.00
#141 (32.40 fps) exp 6327.00 ag 1.00 dg 1.00
#142 (32.41 fps) exp 6327.00 ag 1.00 dg 1.00
#143 (32.40 fps) exp 6327.00 ag 1.00 dg 1.00
#144 (32.40 fps) exp 6327.00 ag 1.00 dg 1.00
#145 (32.41 fps) exp 6327.00 ag 1.00 dg 1.00
#146 (32.40 fps) exp 6327.00 ag 1.00 dg 1.00
#147 (32.40 fps) exp 6327.00 ag 1.00 dg 1.00
#148 (32.41 fps) exp 6327.00 ag 1.00 dg 1.00
#149 (32.41 fps) exp 6327.00 ag 1.00 dg 1.00
#150 (32.41 fps) exp 6327.00 ag 1.00 dg 1.00
#151 (32.41 fps) exp 6327.00 ag 1.00 dg 1.00
#152 (32.40 fps) exp 6327.00 ag 1.00 dg 1.00
#153 (32.40 fps) exp 6327.00 ag 1.00 dg 1.00
#154 (32.41 fps) exp 6327.00 ag 1.00 dg 1.00
#155 (32.41 fps) exp 6327.00 ag 1.00 dg 1.00
#156 (32.40 fps) exp 6327.00 ag 1.00 dg 1.00
#157 (32.40 fps) exp 6327.00 ag 1.00 dg 1.00
#158 (32.40 fps) exp 6327.00 ag 1.00 dg 1.00
Mode selection for 320:256:12:P
    SGBRG10_CSI2P,640x480/0 - Score: 1167.25
    SGBRG10_CSI2P,1296x972/0 - Score: 1454.25
    SGBRG10_CSI2P,1920x1080/0 - Score: 1803.92
    SGBRG10_CSI2P,2592x1944/0 - Score: 2021.25
Stream configuration adjusted
[0:05:05.755494002] [1525] [1;32m INFO [1;37mCamera [1;34mcamera.cpp:1215 [0mconfiguring streams: (0) 320x256-YUV420/sYCC (1) 640x480-SGBRG10_CSI2P/RAW
[0:05:05.761071118] [1528] [1;32m INFO [1;37mRPI [1;34mvc4.cpp:620 [0mSensor: /base/soc/i2c0mux/i2c@1/ov5647@36 - Selected sensor format: 640x480-SGBRG10_1X10/RAW - Selected unicam format: 640x480-pGAA/RAW
Still capture image received
Playing WAVE 'sstv.wav' : Signed 16 bit Little Endian, Rate 48000 Hz, Mono
Traceback (most recent call last):
  File "/home/w2cxm/Documents/serialout.py", line 13, in <module>
    ser.dtr = False
    ^^^^^^^
  File "/home/w2cxm/Documents/venv/lib/python3.13/site-packages/serial/serialutil.py", line 473, in dtr
    self._update_dtr_state()
    ~~~~~~~~~~~~~~~~~~~~~~^^
  File "/home/w2cxm/Documents/venv/lib/python3.13/site-packages/serial/serialposix.py", line 715, in _update_dtr_state
    fcntl.ioctl(self.fd, TIOCMBIC, TIOCM_DTR_str)
    ~~~~~~~~~~~^^^^^^^^^^^^^^^^^^^^^^^^^^^^^^^^^^
BrokenPipeError: [Errno 32] Broken pipe
transmit.sh: line 10: =: command not found

real	0m0.002s
user	0m0.002s
sys	0m0.001s
Run id
uid=1000(w2cxm) gid=1000(w2cxm) groups=1000(w2cxm),4(adm),20(dialout),24(cdrom),27(sudo),29(audio),44(video),46(plugdev),60(games),100(users),102(netdev),108(lpadmin),986(gpio),988(i2c),989(spi),992(render),996(input)
RAN id
[0:00:27.548746395] [1033] [1;32m INFO [1;37mCamera [1;34mcamera_manager.cpp:340 [0mlibcamera v0.6.0+rpt20251202
[0:00:27.607993270] [1043] [1;32m INFO [1;37mIPAProxy [1;34mipa_proxy.cpp:180 [0mUsing tuning file /usr/share/libcamera/ipa/rpi/vc4/ov5647.json
[0:00:27.623196134] [1043] [1;32m INFO [1;37mCamera [1;34mcamera_manager.cpp:223 [0mAdding camera '/base/soc/i2c0mux/i2c@1/ov5647@36' for pipeline handler rpi/vc4
[0:00:27.623331916] [1043] [1;32m INFO [1;37mRPI [1;34mvc4.cpp:445 [0mRegistered camera /base/soc/i2c0mux/i2c@1/ov5647@36 to Unicam device /dev/media2 and ISP device /dev/media0
[0:00:27.623406134] [1043] [1;32m INFO [1;37mRPI [1;34mpipeline_base.cpp:1111 [0mUsing configuration file '/usr/share/libcamera/pipeline/rpi/vc4/rpi_apps.yaml'
Made X/EGL preview window
Made DRM preview window
Preview window unavailable
Mode selection for 1214:972:12:P
    SGBRG10_CSI2P,640x480/0 - Score: 3163.64
    SGBRG10_CSI2P,1296x972/0 - Score: 1052.14
    SGBRG10_CSI2P,1920x1080/0 - Score: 1401.8
    SGBRG10_CSI2P,2592x1944/0 - Score: 1619.14
Stream configuration adjusted
[0:00:28.269444468] [1033] [1;32m INFO [1;37mCamera [1;34mcamera.cpp:1215 [0mconfiguring streams: (0) 1214x972-YUV420/sYCC (1) 1296x972-SGBRG10_CSI2P/RAW
[0:00:28.271326499] [1043] [1;32m INFO [1;37mRPI [1;34mvc4.cpp:620 [0mSensor: /base/soc/i2c0mux/i2c@1/ov5647@36 - Selected sensor format: 1296x972-SGBRG10_1X10/RAW - Selected unicam format: 1296x972-pGAA/RAW
#10 (0.00 fps) exp 7540.00 ag 1.00 dg 1.00
#11 (32.40 fps) exp 7562.00 ag 1.00 dg 1.00
#12 (32.41 fps) exp 7540.00 ag 1.00 dg 1.00
#13 (32.41 fps) exp 7540.00 ag 1.00 dg 1.00
#14 (32.41 fps) exp 7540.00 ag 1.00 dg 1.00
#15 (32.40 fps) exp 7540.00 ag 1.00 dg 1.00
#16 (32.41 fps) exp 7540.00 ag 1.00 dg 1.00
#17 (32.40 fps) exp 7540.00 ag 1.00 dg 1.00
#18 (32.41 fps) exp 7540.00 ag 1.00 dg 1.00
#19 (32.41 fps) exp 7540.00 ag 1.00 dg 1.00
#20 (32.40 fps) exp 7540.00 ag 1.00 dg 1.00
#21 (32.41 fps) exp 7540.00 ag 1.00 dg 1.00
#22 (32.41 fps) exp 7540.00 ag 1.00 dg 1.00
#23 (32.41 fps) exp 7540.00 ag 1.00 dg 1.00
#24 (32.41 fps) exp 7540.00 ag 1.00 dg 1.00
#25 (32.40 fps) exp 7540.00 ag 1.00 dg 1.00
#26 (32.41 fps) exp 7540.00 ag 1.00 dg 1.00
#27 (32.40 fps) exp 7540.00 ag 1.00 dg 1.00
#28 (32.41 fps) exp 7540.00 ag 1.00 dg 1.00
#29 (32.41 fps) exp 7540.00 ag 1.00 dg 1.00
#30 (32.41 fps) exp 7540.00 ag 1.00 dg 1.00
#31 (32.40 fps) exp 7540.00 ag 1.00 dg 1.00
#32 (32.41 fps) exp 7540.00 ag 1.00 dg 1.00
#33 (32.41 fps) exp 7540.00 ag 1.00 dg 1.00
#34 (32.40 fps) exp 7540.00 ag 1.00 dg 1.00
#35 (32.42 fps) exp 7540.00 ag 1.00 dg 1.00
#36 (32.40 fps) exp 7540.00 ag 1.00 dg 1.00
#37 (32.40 fps) exp 7540.00 ag 1.00 dg 1.00
#38 (32.41 fps) exp 7540.00 ag 1.00 dg 1.00
#39 (32.41 fps) exp 7540.00 ag 1.00 dg 1.00
#40 (32.40 fps) exp 7540.00 ag 1.00 dg 1.00
#41 (32.40 fps) exp 7540.00 ag 1.00 dg 1.00
#42 (32.41 fps) exp 7540.00 ag 1.00 dg 1.00
#43 (32.41 fps) exp 7540.00 ag 1.00 dg 1.00
#44 (32.41 fps) exp 7540.00 ag 1.00 dg 1.00
#45 (32.41 fps) exp 7540.00 ag 1.00 dg 1.00
#46 (32.41 fps) exp 7540.00 ag 1.00 dg 1.00
#47 (32.41 fps) exp 7540.00 ag 1.00 dg 1.00
#48 (32.40 fps) exp 7540.00 ag 1.00 dg 1.00
#49 (32.41 fps) exp 7540.00 ag 1.00 dg 1.00
#50 (32.41 fps) exp 7540.00 ag 1.00 dg 1.00
#51 (32.40 fps) exp 7540.00 ag 1.00 dg 1.00
#52 (32.41 fps) exp 7540.00 ag 1.00 dg 1.00
#53 (32.41 fps) exp 7540.00 ag 1.00 dg 1.00
#54 (32.41 fps) exp 7540.00 ag 1.00 dg 1.00
#55 (32.40 fps) exp 7540.00 ag 1.00 dg 1.00
#56 (32.41 fps) exp 7540.00 ag 1.00 dg 1.00
#57 (32.41 fps) exp 7540.00 ag 1.00 dg 1.00
#58 (32.41 fps) exp 7540.00 ag 1.00 dg 1.00
#59 (32.41 fps) exp 7540.00 ag 1.00 dg 1.00
#60 (32.40 fps) exp 7540.00 ag 1.00 dg 1.00
#61 (32.41 fps) exp 7540.00 ag 1.00 dg 1.00
#62 (32.41 fps) exp 7540.00 ag 1.00 dg 1.00
#63 (32.41 fps) exp 7540.00 ag 1.00 dg 1.00
#64 (32.40 fps) exp 7540.00 ag 1.00 dg 1.00
#65 (32.41 fps) exp 7540.00 ag 1.00 dg 1.00
#66 (32.41 fps) exp 7540.00 ag 1.00 dg 1.00
#67 (32.41 fps) exp 7540.00 ag 1.00 dg 1.00
#68 (32.40 fps) exp 7540.00 ag 1.00 dg 1.00
#69 (32.40 fps) exp 7540.00 ag 1.00 dg 1.00
#70 (32.42 fps) exp 7540.00 ag 1.00 dg 1.00
#71 (32.41 fps) exp 7540.00 ag 1.00 dg 1.00
#72 (32.40 fps) exp 7540.00 ag 1.00 dg 1.00
#73 (32.40 fps) exp 7540.00 ag 1.00 dg 1.00
#74 (32.41 fps) exp 7540.00 ag 1.00 dg 1.00
#75 (32.41 fps) exp 7540.00 ag 1.00 dg 1.00
#76 (32.41 fps) exp 7540.00 ag 1.00 dg 1.00
#77 (32.41 fps) exp 7540.00 ag 1.00 dg 1.00
#78 (32.40 fps) exp 7540.00 ag 1.00 dg 1.00
#79 (32.41 fps) exp 7540.00 ag 1.00 dg 1.00
#80 (32.41 fps) exp 7540.00 ag 1.00 dg 1.00
#81 (32.41 fps) exp 7540.00 ag 1.00 dg 1.00
#82 (32.41 fps) exp 7540.00 ag 1.00 dg 1.00
#83 (32.40 fps) exp 7540.00 ag 1.00 dg 1.00
#84 (32.41 fps) exp 7540.00 ag 1.00 dg 1.00
#85 (32.41 fps) exp 7540.00 ag 1.00 dg 1.00
#86 (32.41 fps) exp 7540.00 ag 1.00 dg 1.00
#87 (32.41 fps) exp 7540.00 ag 1.00 dg 1.00
#88 (32.41 fps) exp 7540.00 ag 1.00 dg 1.00
#89 (32.41 fps) exp 7540.00 ag 1.00 dg 1.00
#90 (32.40 fps) exp 7540.00 ag 1.00 dg 1.00
#91 (32.41 fps) exp 7540.00 ag 1.00 dg 1.00
#92 (32.41 fps) exp 7540.00 ag 1.00 dg 1.00
#93 (32.40 fps) exp 7540.00 ag 1.00 dg 1.00
#94 (32.41 fps) exp 7540.00 ag 1.00 dg 1.00
#95 (32.40 fps) exp 7540.00 ag 1.00 dg 1.00
#96 (32.41 fps) exp 7540.00 ag 1.00 dg 1.00
#97 (32.41 fps) exp 7540.00 ag 1.00 dg 1.00
#98 (32.41 fps) exp 7540.00 ag 1.00 dg 1.00
#99 (32.40 fps) exp 7540.00 ag 1.00 dg 1.00
#100 (32.41 fps) exp 7540.00 ag 1.00 dg 1.00
#101 (32.40 fps) exp 7540.00 ag 1.00 dg 1.00
#102 (32.39 fps) exp 7540.00 ag 1.00 dg 1.00
#103 (32.43 fps) exp 7540.00 ag 1.00 dg 1.00
#104 (32.40 fps) exp 7540.00 ag 1.00 dg 1.00
#105 (32.41 fps) exp 7540.00 ag 1.00 dg 1.00
#106 (32.40 fps) exp 7540.00 ag 1.00 dg 1.00
#107 (32.41 fps) exp 7540.00 ag 1.00 dg 1.00
#108 (32.41 fps) exp 7540.00 ag 1.00 dg 1.00
#109 (32.41 fps) exp 7540.00 ag 1.00 dg 1.00
#110 (32.41 fps) exp 7540.00 ag 1.00 dg 1.00
#111 (32.41 fps) exp 7540.00 ag 1.00 dg 1.00
#112 (32.41 fps) exp 7540.00 ag 1.00 dg 1.00
#113 (32.40 fps) exp 7540.00 ag 1.00 dg 1.00
#114 (32.41 fps) exp 7540.00 ag 1.00 dg 1.00
#115 (32.41 fps) exp 7540.00 ag 1.00 dg 1.00
#116 (32.41 fps) exp 7540.00 ag 1.00 dg 1.00
#117 (32.41 fps) exp 7540.00 ag 1.00 dg 1.00
#118 (32.41 fps) exp 7540.00 ag 1.00 dg 1.00
#119 (32.40 fps) exp 7540.00 ag 1.00 dg 1.00
#120 (32.41 fps) exp 7540.00 ag 1.00 dg 1.00
#121 (32.41 fps) exp 7540.00 ag 1.00 dg 1.00
#122 (32.41 fps) exp 7540.00 ag 1.00 dg 1.00
#123 (32.41 fps) exp 7540.00 ag 1.00 dg 1.00
#124 (32.40 fps) exp 7540.00 ag 1.00 dg 1.00
#125 (32.41 fps) exp 7540.00 ag 1.00 dg 1.00
#126 (32.41 fps) exp 7540.00 ag 1.00 dg 1.00
#127 (32.40 fps) exp 7540.00 ag 1.00 dg 1.00
#128 (32.41 fps) exp 7540.00 ag 1.00 dg 1.00
#129 (32.41 fps) exp 7540.00 ag 1.00 dg 1.00
#130 (32.41 fps) exp 7540.00 ag 1.00 dg 1.00
#131 (32.40 fps) exp 7540.00 ag 1.00 dg 1.00
#132 (32.41 fps) exp 7540.00 ag 1.00 dg 1.00
#133 (32.41 fps) exp 7540.00 ag 1.00 dg 1.00
#134 (32.40 fps) exp 7540.00 ag 1.00 dg 1.00
#135 (32.39 fps) exp 7540.00 ag 1.00 dg 1.00
#136 (32.41 fps) exp 7540.00 ag 1.00 dg 1.00
#137 (32.39 fps) exp 7540.00 ag 1.00 dg 1.00
#138 (32.44 fps) exp 7540.00 ag 1.00 dg 1.00
#139 (32.40 fps) exp 7540.00 ag 1.00 dg 1.00
#140 (32.40 fps) exp 7540.00 ag 1.00 dg 1.00
#141 (32.40 fps) exp 7540.00 ag 1.00 dg 1.00
#142 (32.41 fps) exp 7540.00 ag 1.00 dg 1.00
#143 (32.41 fps) exp 7540.00 ag 1.00 dg 1.00
#144 (32.41 fps) exp 7540.00 ag 1.00 dg 1.00
#145 (32.41 fps) exp 7540.00 ag 1.00 dg 1.00
#146 (32.41 fps) exp 7540.00 ag 1.00 dg 1.00
#147 (32.40 fps) exp 7540.00 ag 1.00 dg 1.00
#148 (32.41 fps) exp 7540.00 ag 1.00 dg 1.00
#149 (32.41 fps) exp 7540.00 ag 1.00 dg 1.00
#150 (32.41 fps) exp 7540.00 ag 1.00 dg 1.00
#151 (32.41 fps) exp 7540.00 ag 1.00 dg 1.00
#152 (32.41 fps) exp 7540.00 ag 1.00 dg 1.00
#153 (32.41 fps) exp 7540.00 ag 1.00 dg 1.00
#154 (32.40 fps) exp 7540.00 ag 1.00 dg 1.00
#155 (32.41 fps) exp 7540.00 ag 1.00 dg 1.00
#156 (32.41 fps) exp 7540.00 ag 1.00 dg 1.00
Mode selection for 320:256:12:P
    SGBRG10_CSI2P,640x480/0 - Score: 1167.25
    SGBRG10_CSI2P,1296x972/0 - Score: 1454.25
    SGBRG10_CSI2P,1920x1080/0 - Score: 1803.92
    SGBRG10_CSI2P,2592x1944/0 - Score: 2021.25
Stream configuration adjusted
[0:00:33.369312382] [1033] [1;32m INFO [1;37mCamera [1;34mcamera.cpp:1215 [0mconfiguring streams: (0) 320x256-YUV420/sYCC (1) 640x480-SGBRG10_CSI2P/RAW
[0:00:33.373214101] [1043] [1;32m INFO [1;37mRPI [1;34mvc4.cpp:620 [0mSensor: /base/soc/i2c0mux/i2c@1/ov5647@36 - Selected sensor format: 640x480-SGBRG10_1X10/RAW - Selected unicam format: 640x480-pGAA/RAW
Still capture image received
Playing WAVE 'sstv.wav' : Signed 16 bit Little Endian, Rate 48000 Hz, Mono
Traceback (most recent call last):
  File "/home/w2cxm/Documents/serialout.py", line 13, in <module>
    ser.dtr = False
    ^^^^^^^
  File "/home/w2cxm/Documents/venv/lib/python3.13/site-packages/serial/serialutil.py", line 473, in dtr
    self._update_dtr_state()
    ~~~~~~~~~~~~~~~~~~~~~~^^
  File "/home/w2cxm/Documents/venv/lib/python3.13/site-packages/serial/serialposix.py", line 715, in _update_dtr_state
    fcntl.ioctl(self.fd, TIOCMBIC, TIOCM_DTR_str)
    ~~~~~~~~~~~^^^^^^^^^^^^^^^^^^^^^^^^^^^^^^^^^^
BrokenPipeError: [Errno 32] Broken pipe
transmit.sh: line 10: +%H%M: command not found
Run id
uid=1000(w2cxm) gid=1000(w2cxm) groups=1000(w2cxm),4(adm),20(dialout),24(cdrom),27(sudo),29(audio),44(video),46(plugdev),60(games),100(users),102(netdev),108(lpadmin),986(gpio),988(i2c),989(spi),992(render),996(input)
RAN id
[0:00:27.994977905] [1049] [1;32m INFO [1;37mCamera [1;34mcamera_manager.cpp:340 [0mlibcamera v0.6.0+rpt20251202
[0:00:28.075383426] [1093] [1;32m INFO [1;37mIPAProxy [1;34mipa_proxy.cpp:180 [0mUsing tuning file /usr/share/libcamera/ipa/rpi/vc4/ov5647.json
[0:00:28.089744468] [1093] [1;32m INFO [1;37mCamera [1;34mcamera_manager.cpp:223 [0mAdding camera '/base/soc/i2c0mux/i2c@1/ov5647@36' for pipeline handler rpi/vc4
[0:00:28.089863061] [1093] [1;32m INFO [1;37mRPI [1;34mvc4.cpp:445 [0mRegistered camera /base/soc/i2c0mux/i2c@1/ov5647@36 to Unicam device /dev/media2 and ISP device /dev/media0
[0:00:28.089924884] [1093] [1;32m INFO [1;37mRPI [1;34mpipeline_base.cpp:1111 [0mUsing configuration file '/usr/share/libcamera/pipeline/rpi/vc4/rpi_apps.yaml'
Made X/EGL preview window
Made DRM preview window
Preview window unavailable
Mode selection for 1214:972:12:P
    SGBRG10_CSI2P,640x480/0 - Score: 3163.64
    SGBRG10_CSI2P,1296x972/0 - Score: 1052.14
    SGBRG10_CSI2P,1920x1080/0 - Score: 1401.8
    SGBRG10_CSI2P,2592x1944/0 - Score: 1619.14
Stream configuration adjusted
[0:00:29.347659727] [1049] [1;32m INFO [1;37mCamera [1;34mcamera.cpp:1215 [0mconfiguring streams: (0) 1214x972-YUV420/sYCC (1) 1296x972-SGBRG10_CSI2P/RAW
[0:00:29.348218113] [1093] [1;32m INFO [1;37mRPI [1;34mvc4.cpp:620 [0mSensor: /base/soc/i2c0mux/i2c@1/ov5647@36 - Selected sensor format: 1296x972-SGBRG10_1X10/RAW - Selected unicam format: 1296x972-pGAA/RAW
#10 (0.00 fps) exp 9620.00 ag 1.00 dg 1.00
#11 (32.41 fps) exp 9620.00 ag 1.00 dg 1.00
#12 (32.40 fps) exp 9599.00 ag 1.00 dg 1.00
#13 (32.41 fps) exp 9599.00 ag 1.00 dg 1.00
#14 (32.41 fps) exp 9577.00 ag 1.00 dg 1.00
#15 (32.41 fps) exp 9577.00 ag 1.00 dg 1.00
#16 (32.41 fps) exp 9577.00 ag 1.00 dg 1.00
#17 (32.41 fps) exp 9577.00 ag 1.00 dg 1.00
#18 (32.41 fps) exp 9577.00 ag 1.00 dg 1.00
#19 (32.40 fps) exp 9577.00 ag 1.00 dg 1.00
#20 (32.40 fps) exp 9577.00 ag 1.00 dg 1.00
#21 (32.41 fps) exp 9577.00 ag 1.00 dg 1.00
#22 (32.41 fps) exp 9577.00 ag 1.00 dg 1.00
#23 (32.40 fps) exp 9577.00 ag 1.00 dg 1.00
#24 (32.41 fps) exp 9577.00 ag 1.00 dg 1.00
#25 (32.40 fps) exp 9577.00 ag 1.00 dg 1.00
#26 (32.41 fps) exp 9577.00 ag 1.00 dg 1.00
#27 (32.41 fps) exp 9577.00 ag 1.00 dg 1.00
#28 (32.41 fps) exp 9577.00 ag 1.00 dg 1.00
#29 (32.41 fps) exp 9577.00 ag 1.00 dg 1.00
#30 (32.40 fps) exp 9577.00 ag 1.00 dg 1.00
#31 (32.40 fps) exp 9577.00 ag 1.00 dg 1.00
#32 (32.41 fps) exp 9577.00 ag 1.00 dg 1.00
#33 (32.40 fps) exp 9577.00 ag 1.00 dg 1.00
#34 (32.41 fps) exp 9577.00 ag 1.00 dg 1.00
#35 (32.41 fps) exp 9577.00 ag 1.00 dg 1.00
#36 (32.41 fps) exp 9577.00 ag 1.00 dg 1.00
#37 (32.40 fps) exp 9577.00 ag 1.00 dg 1.00
#38 (32.40 fps) exp 9577.00 ag 1.00 dg 1.00
#39 (32.41 fps) exp 9577.00 ag 1.00 dg 1.00
#40 (32.41 fps) exp 9577.00 ag 1.00 dg 1.00
#41 (32.41 fps) exp 9577.00 ag 1.00 dg 1.00
#42 (32.41 fps) exp 9577.00 ag 1.00 dg 1.00
#43 (32.41 fps) exp 9577.00 ag 1.00 dg 1.00
#44 (32.41 fps) exp 9577.00 ag 1.00 dg 1.00
#45 (32.40 fps) exp 9577.00 ag 1.00 dg 1.00
#46 (32.41 fps) exp 9577.00 ag 1.00 dg 1.00
#47 (32.41 fps) exp 9577.00 ag 1.00 dg 1.00
#48 (32.41 fps) exp 9577.00 ag 1.00 dg 1.00
#49 (32.41 fps) exp 9577.00 ag 1.00 dg 1.00
#50 (32.40 fps) exp 9577.00 ag 1.00 dg 1.00
#51 (32.41 fps) exp 9577.00 ag 1.00 dg 1.00
#52 (32.41 fps) exp 9577.00 ag 1.00 dg 1.00
#53 (32.40 fps) exp 9577.00 ag 1.00 dg 1.00
#54 (32.41 fps) exp 9577.00 ag 1.00 dg 1.00
#55 (32.40 fps) exp 9577.00 ag 1.00 dg 1.00
#56 (32.41 fps) exp 9577.00 ag 1.00 dg 1.00
#57 (32.41 fps) exp 9577.00 ag 1.00 dg 1.00
#58 (32.41 fps) exp 9577.00 ag 1.00 dg 1.00
#59 (32.40 fps) exp 9577.00 ag 1.00 dg 1.00
#60 (32.42 fps) exp 9577.00 ag 1.00 dg 1.00
#61 (32.41 fps) exp 9577.00 ag 1.00 dg 1.00
#62 (32.40 fps) exp 9577.00 ag 1.00 dg 1.00
#63 (32.41 fps) exp 9577.00 ag 1.00 dg 1.00
#64 (32.40 fps) exp 9577.00 ag 1.00 dg 1.00
#65 (32.41 fps) exp 9577.00 ag 1.00 dg 1.00
#66 (32.41 fps) exp 9577.00 ag 1.00 dg 1.00
#67 (32.41 fps) exp 9577.00 ag 1.00 dg 1.00
#68 (32.40 fps) exp 9577.00 ag 1.00 dg 1.00
#69 (32.41 fps) exp 9577.00 ag 1.00 dg 1.00
#70 (32.40 fps) exp 9577.00 ag 1.00 dg 1.00
#71 (32.41 fps) exp 9577.00 ag 1.00 dg 1.00
#72 (32.40 fps) exp 9577.00 ag 1.00 dg 1.00
#73 (32.41 fps) exp 9577.00 ag 1.00 dg 1.00
#74 (32.41 fps) exp 9577.00 ag 1.00 dg 1.00
#75 (32.40 fps) exp 9577.00 ag 1.00 dg 1.00
#76 (32.41 fps) exp 9577.00 ag 1.00 dg 1.00
#77 (32.41 fps) exp 9577.00 ag 1.00 dg 1.00
#78 (32.40 fps) exp 9577.00 ag 1.00 dg 1.00
#79 (32.40 fps) exp 9577.00 ag 1.00 dg 1.00
#80 (32.40 fps) exp 9577.00 ag 1.00 dg 1.00
#81 (32.42 fps) exp 9577.00 ag 1.00 dg 1.00
#82 (32.41 fps) exp 9577.00 ag 1.00 dg 1.00
#83 (32.41 fps) exp 9577.00 ag 1.00 dg 1.00
#84 (32.40 fps) exp 9577.00 ag 1.00 dg 1.00
#85 (32.41 fps) exp 9577.00 ag 1.00 dg 1.00
#86 (32.40 fps) exp 9577.00 ag 1.00 dg 1.00
#87 (32.42 fps) exp 9577.00 ag 1.00 dg 1.00
#88 (32.41 fps) exp 9577.00 ag 1.00 dg 1.00
#89 (32.40 fps) exp 9577.00 ag 1.00 dg 1.00
#90 (32.41 fps) exp 9577.00 ag 1.00 dg 1.00
#91 (32.41 fps) exp 9577.00 ag 1.00 dg 1.00
#92 (32.41 fps) exp 9577.00 ag 1.00 dg 1.00
#93 (32.41 fps) exp 9577.00 ag 1.00 dg 1.00
#94 (32.41 fps) exp 9577.00 ag 1.00 dg 1.00
#95 (32.41 fps) exp 9577.00 ag 1.00 dg 1.00
#96 (32.40 fps) exp 9577.00 ag 1.00 dg 1.00
#97 (32.41 fps) exp 9577.00 ag 1.00 dg 1.00
#98 (32.40 fps) exp 9577.00 ag 1.00 dg 1.00
#99 (32.41 fps) exp 9577.00 ag 1.00 dg 1.00
#100 (32.41 fps) exp 9577.00 ag 1.00 dg 1.00
#101 (32.41 fps) exp 9577.00 ag 1.00 dg 1.00
#102 (32.40 fps) exp 9577.00 ag 1.00 dg 1.00
#103 (32.41 fps) exp 9577.00 ag 1.00 dg 1.00
#104 (32.41 fps) exp 9577.00 ag 1.00 dg 1.00
#105 (32.39 fps) exp 9577.00 ag 1.00 dg 1.00
#106 (32.41 fps) exp 9577.00 ag 1.00 dg 1.00
#107 (32.42 fps) exp 9577.00 ag 1.00 dg 1.00
#108 (32.40 fps) exp 9577.00 ag 1.00 dg 1.00
#109 (32.41 fps) exp 9577.00 ag 1.00 dg 1.00
#110 (32.39 fps) exp 9577.00 ag 1.00 dg 1.00
#111 (32.42 fps) exp 9577.00 ag 1.00 dg 1.00
#112 (32.41 fps) exp 9577.00 ag 1.00 dg 1.00
#113 (32.41 fps) exp 9577.00 ag 1.00 dg 1.00
#114 (32.41 fps) exp 9577.00 ag 1.00 dg 1.00
#115 (32.41 fps) exp 9577.00 ag 1.00 dg 1.00
#116 (32.41 fps) exp 9577.00 ag 1.00 dg 1.00
#117 (32.41 fps) exp 9577.00 ag 1.00 dg 1.00
#118 (32.41 fps) exp 9577.00 ag 1.00 dg 1.00
#119 (32.41 fps) exp 9577.00 ag 1.00 dg 1.00
#120 (32.41 fps) exp 9577.00 ag 1.00 dg 1.00
#121 (32.41 fps) exp 9577.00 ag 1.00 dg 1.00
#122 (32.41 fps) exp 9577.00 ag 1.00 dg 1.00
#123 (32.41 fps) exp 9577.00 ag 1.00 dg 1.00
#124 (32.41 fps) exp 9577.00 ag 1.00 dg 1.00
#125 (32.40 fps) exp 9577.00 ag 1.00 dg 1.00
#126 (32.41 fps) exp 9577.00 ag 1.00 dg 1.00
#127 (32.41 fps) exp 9577.00 ag 1.00 dg 1.00
#128 (32.41 fps) exp 9577.00 ag 1.00 dg 1.00
#129 (32.41 fps) exp 9577.00 ag 1.00 dg 1.00
#130 (32.41 fps) exp 9577.00 ag 1.00 dg 1.00
#131 (32.41 fps) exp 9577.00 ag 1.00 dg 1.00
#132 (32.41 fps) exp 9577.00 ag 1.00 dg 1.00
#133 (32.41 fps) exp 9577.00 ag 1.00 dg 1.00
#134 (32.41 fps) exp 9577.00 ag 1.00 dg 1.00
#135 (32.41 fps) exp 9577.00 ag 1.00 dg 1.00
#136 (32.41 fps) exp 9577.00 ag 1.00 dg 1.00
#137 (32.41 fps) exp 9577.00 ag 1.00 dg 1.00
#138 (32.40 fps) exp 9577.00 ag 1.00 dg 1.00
#139 (32.41 fps) exp 9577.00 ag 1.00 dg 1.00
#140 (32.41 fps) exp 9577.00 ag 1.00 dg 1.00
#141 (32.41 fps) exp 9577.00 ag 1.00 dg 1.00
#142 (32.41 fps) exp 9577.00 ag 1.00 dg 1.00
#143 (32.41 fps) exp 9577.00 ag 1.00 dg 1.00
#144 (32.41 fps) exp 9577.00 ag 1.00 dg 1.00
#145 (32.40 fps) exp 9577.00 ag 1.00 dg 1.00
#146 (32.42 fps) exp 9577.00 ag 1.00 dg 1.00
#147 (32.41 fps) exp 9577.00 ag 1.00 dg 1.00
#148 (32.41 fps) exp 9577.00 ag 1.00 dg 1.00
#149 (32.41 fps) exp 9577.00 ag 1.00 dg 1.00
#150 (32.41 fps) exp 9577.00 ag 1.00 dg 1.00
#151 (32.41 fps) exp 9577.00 ag 1.00 dg 1.00
#152 (32.41 fps) exp 9577.00 ag 1.00 dg 1.00
#153 (32.41 fps) exp 9577.00 ag 1.00 dg 1.00
#154 (32.41 fps) exp 9577.00 ag 1.00 dg 1.00
#155 (32.41 fps) exp 9577.00 ag 1.00 dg 1.00
#156 (32.40 fps) exp 9577.00 ag 1.00 dg 1.00
#157 (32.41 fps) exp 9577.00 ag 1.00 dg 1.00
#158 (32.41 fps) exp 9577.00 ag 1.00 dg 1.00
Mode selection for 320:256:12:P
    SGBRG10_CSI2P,640x480/0 - Score: 1167.25
    SGBRG10_CSI2P,1296x972/0 - Score: 1454.25
    SGBRG10_CSI2P,1920x1080/0 - Score: 1803.92
    SGBRG10_CSI2P,2592x1944/0 - Score: 2021.25
Stream configuration adjusted
[0:00:34.415959934] [1049] [1;32m INFO [1;37mCamera [1;34mcamera.cpp:1215 [0mconfiguring streams: (0) 320x256-YUV420/sYCC (1) 640x480-SGBRG10_CSI2P/RAW
[0:00:34.420204934] [1093] [1;32m INFO [1;37mRPI [1;34mvc4.cpp:620 [0mSensor: /base/soc/i2c0mux/i2c@1/ov5647@36 - Selected sensor format: 640x480-SGBRG10_1X10/RAW - Selected unicam format: 640x480-pGAA/RAW
Still capture image received
Playing WAVE 'sstv.wav' : Signed 16 bit Little Endian, Rate 48000 Hz, Mono
transmit.sh: line 10: +%H%M: command not found
Run id
uid=1000(w2cxm) gid=1000(w2cxm) groups=1000(w2cxm),4(adm),20(dialout),24(cdrom),27(sudo),29(audio),44(video),46(plugdev),60(games),100(users),102(netdev),108(lpadmin),986(gpio),988(i2c),989(spi),992(render),996(input)
RAN id
[0:00:27.732838999] [1023] [1;32m INFO [1;37mCamera [1;34mcamera_manager.cpp:340 [0mlibcamera v0.6.0+rpt20251202
[0:00:27.798193738] [1075] [1;32m INFO [1;37mIPAProxy [1;34mipa_proxy.cpp:180 [0mUsing tuning file /usr/share/libcamera/ipa/rpi/vc4/ov5647.json
[0:00:27.816273218] [1075] [1;32m INFO [1;37mCamera [1;34mcamera_manager.cpp:223 [0mAdding camera '/base/soc/i2c0mux/i2c@1/ov5647@36' for pipeline handler rpi/vc4
[0:00:27.816451499] [1075] [1;32m INFO [1;37mRPI [1;34mvc4.cpp:445 [0mRegistered camera /base/soc/i2c0mux/i2c@1/ov5647@36 to Unicam device /dev/media2 and ISP device /dev/media0
[0:00:27.816577332] [1075] [1;32m INFO [1;37mRPI [1;34mpipeline_base.cpp:1111 [0mUsing configuration file '/usr/share/libcamera/pipeline/rpi/vc4/rpi_apps.yaml'
Made X/EGL preview window
Made DRM preview window
Preview window unavailable
Mode selection for 1214:972:12:P
    SGBRG10_CSI2P,640x480/0 - Score: 3163.64
    SGBRG10_CSI2P,1296x972/0 - Score: 1052.14
    SGBRG10_CSI2P,1920x1080/0 - Score: 1401.8
    SGBRG10_CSI2P,2592x1944/0 - Score: 1619.14
Stream configuration adjusted
[0:00:29.096090613] [1023] [1;32m INFO [1;37mCamera [1;34mcamera.cpp:1215 [0mconfiguring streams: (0) 1214x972-YUV420/sYCC (1) 1296x972-SGBRG10_CSI2P/RAW
[0:00:29.096805873] [1075] [1;32m INFO [1;37mRPI [1;34mvc4.cpp:620 [0mSensor: /base/soc/i2c0mux/i2c@1/ov5647@36 - Selected sensor format: 1296x972-SGBRG10_1X10/RAW - Selected unicam format: 1296x972-pGAA/RAW
#10 (0.00 fps) exp 8450.00 ag 1.00 dg 1.00
#11 (32.41 fps) exp 8450.00 ag 1.00 dg 1.00
#12 (32.41 fps) exp 8450.00 ag 1.00 dg 1.00
#13 (32.40 fps) exp 8450.00 ag 1.00 dg 1.00
#14 (32.41 fps) exp 8429.00 ag 1.00 dg 1.00
#15 (32.41 fps) exp 8429.00 ag 1.00 dg 1.00
#16 (32.41 fps) exp 8429.00 ag 1.00 dg 1.00
#17 (32.41 fps) exp 8429.00 ag 1.00 dg 1.00
#18 (32.40 fps) exp 8429.00 ag 1.00 dg 1.00
#19 (32.41 fps) exp 8429.00 ag 1.00 dg 1.00
#20 (32.41 fps) exp 8429.00 ag 1.00 dg 1.00
#21 (32.40 fps) exp 8429.00 ag 1.00 dg 1.00
#22 (32.41 fps) exp 8429.00 ag 1.00 dg 1.00
#23 (32.41 fps) exp 8429.00 ag 1.00 dg 1.00
#24 (32.39 fps) exp 8429.00 ag 1.00 dg 1.00
#25 (32.41 fps) exp 8429.00 ag 1.00 dg 1.00
#26 (32.42 fps) exp 8429.00 ag 1.00 dg 1.00
#27 (32.41 fps) exp 8429.00 ag 1.00 dg 1.00
#28 (32.41 fps) exp 8429.00 ag 1.00 dg 1.00
#29 (32.40 fps) exp 8429.00 ag 1.00 dg 1.00
#30 (32.41 fps) exp 8429.00 ag 1.00 dg 1.00
#31 (32.40 fps) exp 8429.00 ag 1.00 dg 1.00
#32 (32.41 fps) exp 8429.00 ag 1.00 dg 1.00
#33 (32.40 fps) exp 8429.00 ag 1.00 dg 1.00
#34 (32.40 fps) exp 8429.00 ag 1.00 dg 1.00
#35 (32.41 fps) exp 8429.00 ag 1.00 dg 1.00
#36 (32.41 fps) exp 8429.00 ag 1.00 dg 1.00
#37 (32.41 fps) exp 8429.00 ag 1.00 dg 1.00
#38 (32.40 fps) exp 8429.00 ag 1.00 dg 1.00
#39 (32.41 fps) exp 8429.00 ag 1.00 dg 1.00
#40 (32.40 fps) exp 8429.00 ag 1.00 dg 1.00
#41 (32.41 fps) exp 8429.00 ag 1.00 dg 1.00
#42 (32.40 fps) exp 8429.00 ag 1.00 dg 1.00
#43 (32.41 fps) exp 8429.00 ag 1.00 dg 1.00
#44 (32.41 fps) exp 8429.00 ag 1.00 dg 1.00
#45 (32.41 fps) exp 8429.00 ag 1.00 dg 1.00
#46 (32.40 fps) exp 8429.00 ag 1.00 dg 1.00
#47 (32.41 fps) exp 8429.00 ag 1.00 dg 1.00
#48 (32.40 fps) exp 8429.00 ag 1.00 dg 1.00
#49 (32.41 fps) exp 8429.00 ag 1.00 dg 1.00
#50 (32.41 fps) exp 8429.00 ag 1.00 dg 1.00
#51 (32.41 fps) exp 8429.00 ag 1.00 dg 1.00
#52 (32.41 fps) exp 8429.00 ag 1.00 dg 1.00
#53 (32.40 fps) exp 8429.00 ag 1.00 dg 1.00
#54 (32.41 fps) exp 8429.00 ag 1.00 dg 1.00
#55 (32.40 fps) exp 8429.00 ag 1.00 dg 1.00
#56 (32.41 fps) exp 8429.00 ag 1.00 dg 1.00
#57 (32.40 fps) exp 8429.00 ag 1.00 dg 1.00
#58 (32.41 fps) exp 8429.00 ag 1.00 dg 1.00
#59 (32.41 fps) exp 8429.00 ag 1.00 dg 1.00
#60 (32.40 fps) exp 8429.00 ag 1.00 dg 1.00
#61 (32.41 fps) exp 8429.00 ag 1.00 dg 1.00
#62 (32.41 fps) exp 8429.00 ag 1.00 dg 1.00
#63 (32.41 fps) exp 8429.00 ag 1.00 dg 1.00
#64 (32.40 fps) exp 8429.00 ag 1.00 dg 1.00
#65 (32.41 fps) exp 8429.00 ag 1.00 dg 1.00
#66 (32.41 fps) exp 8429.00 ag 1.00 dg 1.00
#67 (32.41 fps) exp 8429.00 ag 1.00 dg 1.00
#68 (32.41 fps) exp 8429.00 ag 1.00 dg 1.00
#69 (32.40 fps) exp 8429.00 ag 1.00 dg 1.00
#70 (32.39 fps) exp 8429.00 ag 1.00 dg 1.00
#71 (32.42 fps) exp 8429.00 ag 1.00 dg 1.00
#72 (32.41 fps) exp 8429.00 ag 1.00 dg 1.00
#73 (32.41 fps) exp 8429.00 ag 1.00 dg 1.00
#74 (32.40 fps) exp 8429.00 ag 1.00 dg 1.00
#75 (32.41 fps) exp 8429.00 ag 1.00 dg 1.00
#76 (32.41 fps) exp 8429.00 ag 1.00 dg 1.00
#77 (32.39 fps) exp 8429.00 ag 1.00 dg 1.00
#78 (32.42 fps) exp 8429.00 ag 1.00 dg 1.00
#79 (32.40 fps) exp 8429.00 ag 1.00 dg 1.00
#80 (32.41 fps) exp 8429.00 ag 1.00 dg 1.00
#81 (32.38 fps) exp 8429.00 ag 1.00 dg 1.00
#82 (32.43 fps) exp 8429.00 ag 1.00 dg 1.00
#83 (32.42 fps) exp 8429.00 ag 1.00 dg 1.00
#84 (32.41 fps) exp 8429.00 ag 1.00 dg 1.00
#85 (32.40 fps) exp 8429.00 ag 1.00 dg 1.00
#86 (32.41 fps) exp 8429.00 ag 1.00 dg 1.00
#87 (32.41 fps) exp 8429.00 ag 1.00 dg 1.00
#88 (32.40 fps) exp 8429.00 ag 1.00 dg 1.00
#89 (32.41 fps) exp 8429.00 ag 1.00 dg 1.00
#90 (32.41 fps) exp 8429.00 ag 1.00 dg 1.00
#91 (32.41 fps) exp 8429.00 ag 1.00 dg 1.00
#92 (32.41 fps) exp 8429.00 ag 1.00 dg 1.00
#93 (32.41 fps) exp 8429.00 ag 1.00 dg 1.00
#94 (32.41 fps) exp 8429.00 ag 1.00 dg 1.00
#95 (32.41 fps) exp 8429.00 ag 1.00 dg 1.00
#96 (32.41 fps) exp 8429.00 ag 1.00 dg 1.00
#97 (32.40 fps) exp 8429.00 ag 1.00 dg 1.00
#98 (32.41 fps) exp 8429.00 ag 1.00 dg 1.00
#99 (32.41 fps) exp 8429.00 ag 1.00 dg 1.00
#100 (32.41 fps) exp 8429.00 ag 1.00 dg 1.00
#101 (32.40 fps) exp 8429.00 ag 1.00 dg 1.00
#102 (32.41 fps) exp 8429.00 ag 1.00 dg 1.00
#103 (32.41 fps) exp 8429.00 ag 1.00 dg 1.00
#104 (32.40 fps) exp 8429.00 ag 1.00 dg 1.00
#105 (32.41 fps) exp 8429.00 ag 1.00 dg 1.00
#106 (32.41 fps) exp 8429.00 ag 1.00 dg 1.00
#107 (32.41 fps) exp 8429.00 ag 1.00 dg 1.00
#108 (32.40 fps) exp 8429.00 ag 1.00 dg 1.00
#109 (32.40 fps) exp 8429.00 ag 1.00 dg 1.00
#110 (32.41 fps) exp 8429.00 ag 1.00 dg 1.00
#111 (32.40 fps) exp 8429.00 ag 1.00 dg 1.00
#112 (32.42 fps) exp 8429.00 ag 1.00 dg 1.00
#113 (32.40 fps) exp 8429.00 ag 1.00 dg 1.00
#114 (32.41 fps) exp 8429.00 ag 1.00 dg 1.00
#115 (32.41 fps) exp 8429.00 ag 1.00 dg 1.00
#116 (32.41 fps) exp 8429.00 ag 1.00 dg 1.00
#117 (32.41 fps) exp 8429.00 ag 1.00 dg 1.00
#118 (32.40 fps) exp 8429.00 ag 1.00 dg 1.00
#119 (32.41 fps) exp 8429.00 ag 1.00 dg 1.00
#120 (32.41 fps) exp 8429.00 ag 1.00 dg 1.00
#121 (32.40 fps) exp 8429.00 ag 1.00 dg 1.00
#122 (32.42 fps) exp 8429.00 ag 1.00 dg 1.00
#123 (32.40 fps) exp 8429.00 ag 1.00 dg 1.00
#124 (32.42 fps) exp 8429.00 ag 1.00 dg 1.00
#125 (32.41 fps) exp 8429.00 ag 1.00 dg 1.00
#126 (32.41 fps) exp 8429.00 ag 1.00 dg 1.00
#127 (32.40 fps) exp 8429.00 ag 1.00 dg 1.00
#128 (32.41 fps) exp 8429.00 ag 1.00 dg 1.00
#129 (32.41 fps) exp 8429.00 ag 1.00 dg 1.00
#130 (32.40 fps) exp 8429.00 ag 1.00 dg 1.00
#131 (32.41 fps) exp 8429.00 ag 1.00 dg 1.00
#132 (32.41 fps) exp 8429.00 ag 1.00 dg 1.00
#133 (32.40 fps) exp 8429.00 ag 1.00 dg 1.00
#134 (32.41 fps) exp 8429.00 ag 1.00 dg 1.00
#135 (32.41 fps) exp 8429.00 ag 1.00 dg 1.00
#136 (32.40 fps) exp 8429.00 ag 1.00 dg 1.00
#137 (32.41 fps) exp 8429.00 ag 1.00 dg 1.00
#138 (32.41 fps) exp 8429.00 ag 1.00 dg 1.00
#139 (32.41 fps) exp 8429.00 ag 1.00 dg 1.00
#140 (32.40 fps) exp 8429.00 ag 1.00 dg 1.00
#141 (32.41 fps) exp 8429.00 ag 1.00 dg 1.00
#142 (32.41 fps) exp 8429.00 ag 1.00 dg 1.00
#143 (32.41 fps) exp 8429.00 ag 1.00 dg 1.00
#144 (32.41 fps) exp 8429.00 ag 1.00 dg 1.00
#145 (32.40 fps) exp 8429.00 ag 1.00 dg 1.00
#146 (32.41 fps) exp 8429.00 ag 1.00 dg 1.00
#147 (32.41 fps) exp 8429.00 ag 1.00 dg 1.00
#148 (32.41 fps) exp 8429.00 ag 1.00 dg 1.00
#149 (32.41 fps) exp 8429.00 ag 1.00 dg 1.00
#150 (32.41 fps) exp 8429.00 ag 1.00 dg 1.00
#151 (32.41 fps) exp 8429.00 ag 1.00 dg 1.00
#152 (32.41 fps) exp 8429.00 ag 1.00 dg 1.00
#153 (32.41 fps) exp 8429.00 ag 1.00 dg 1.00
#154 (32.40 fps) exp 8429.00 ag 1.00 dg 1.00
#155 (32.41 fps) exp 8429.00 ag 1.00 dg 1.00
#156 (32.41 fps) exp 8429.00 ag 1.00 dg 1.00
#157 (32.41 fps) exp 8429.00 ag 1.00 dg 1.00
Mode selection for 320:256:12:P
    SGBRG10_CSI2P,640x480/0 - Score: 1167.25
    SGBRG10_CSI2P,1296x972/0 - Score: 1454.25
    SGBRG10_CSI2P,1920x1080/0 - Score: 1803.92
    SGBRG10_CSI2P,2592x1944/0 - Score: 2021.25
Stream configuration adjusted
[0:00:34.184110299] [1023] [1;32m INFO [1;37mCamera [1;34mcamera.cpp:1215 [0mconfiguring streams: (0) 320x256-YUV420/sYCC (1) 640x480-SGBRG10_CSI2P/RAW
[0:00:34.187836288] [1075] [1;32m INFO [1;37mRPI [1;34mvc4.cpp:620 [0mSensor: /base/soc/i2c0mux/i2c@1/ov5647@36 - Selected sensor format: 640x480-SGBRG10_1X10/RAW - Selected unicam format: 640x480-pGAA/RAW
Still capture image received
Playing WAVE 'sstv.wav' : Signed 16 bit Little Endian, Rate 48000 Hz, Mono
Aborted by signal Terminated...
Run id
uid=1000(w2cxm) gid=1000(w2cxm) groups=1000(w2cxm),4(adm),20(dialout),24(cdrom),27(sudo),29(audio),44(video),46(plugdev),60(games),100(users),102(netdev),108(lpadmin),986(gpio),988(i2c),989(spi),992(render),996(input)
RAN id
[0:00:27.986912072] [1023] [1;32m INFO [1;37mCamera [1;34mcamera_manager.cpp:340 [0mlibcamera v0.6.0+rpt20251202
[0:00:28.045837072] [1037] [1;32m INFO [1;37mIPAProxy [1;34mipa_proxy.cpp:180 [0mUsing tuning file /usr/share/libcamera/ipa/rpi/vc4/ov5647.json
[0:00:28.060657384] [1037] [1;32m INFO [1;37mCamera [1;34mcamera_manager.cpp:223 [0mAdding camera '/base/soc/i2c0mux/i2c@1/ov5647@36' for pipeline handler rpi/vc4
[0:00:28.060773426] [1037] [1;32m INFO [1;37mRPI [1;34mvc4.cpp:445 [0mRegistered camera /base/soc/i2c0mux/i2c@1/ov5647@36 to Unicam device /dev/media1 and ISP device /dev/media0
[0:00:28.060834520] [1037] [1;32m INFO [1;37mRPI [1;34mpipeline_base.cpp:1111 [0mUsing configuration file '/usr/share/libcamera/pipeline/rpi/vc4/rpi_apps.yaml'
Made X/EGL preview window
Made DRM preview window
Preview window unavailable
Mode selection for 1214:972:12:P
    SGBRG10_CSI2P,640x480/0 - Score: 3163.64
    SGBRG10_CSI2P,1296x972/0 - Score: 1052.14
    SGBRG10_CSI2P,1920x1080/0 - Score: 1401.8
    SGBRG10_CSI2P,2592x1944/0 - Score: 1619.14
Stream configuration adjusted
[0:00:29.088907748] [1023] [1;32m INFO [1;37mCamera [1;34mcamera.cpp:1215 [0mconfiguring streams: (0) 1214x972-YUV420/sYCC (1) 1296x972-SGBRG10_CSI2P/RAW
[0:00:29.089561863] [1037] [1;32m INFO [1;37mRPI [1;34mvc4.cpp:620 [0mSensor: /base/soc/i2c0mux/i2c@1/ov5647@36 - Selected sensor format: 1296x972-SGBRG10_1X10/RAW - Selected unicam format: 1296x972-pGAA/RAW
#10 (0.00 fps) exp 7475.00 ag 1.00 dg 1.00
#11 (32.40 fps) exp 7453.00 ag 1.00 dg 1.00
#12 (32.41 fps) exp 7432.00 ag 1.00 dg 1.00
#13 (32.41 fps) exp 7453.00 ag 1.00 dg 1.00
#14 (32.40 fps) exp 7410.00 ag 1.00 dg 1.00
#15 (32.41 fps) exp 7410.00 ag 1.00 dg 1.00
#16 (32.41 fps) exp 7410.00 ag 1.00 dg 1.00
#17 (32.41 fps) exp 7410.00 ag 1.00 dg 1.00
#18 (32.41 fps) exp 7410.00 ag 1.00 dg 1.00
#19 (32.40 fps) exp 7410.00 ag 1.00 dg 1.00
#20 (32.41 fps) exp 7410.00 ag 1.00 dg 1.00
#21 (32.40 fps) exp 7410.00 ag 1.00 dg 1.00
#22 (32.40 fps) exp 7410.00 ag 1.00 dg 1.00
#23 (32.41 fps) exp 7410.00 ag 1.00 dg 1.00
#24 (32.39 fps) exp 7410.00 ag 1.00 dg 1.00
#25 (32.43 fps) exp 7410.00 ag 1.00 dg 1.00
#26 (32.41 fps) exp 7410.00 ag 1.00 dg 1.00
#27 (32.41 fps) exp 7410.00 ag 1.00 dg 1.00
#28 (32.41 fps) exp 7410.00 ag 1.00 dg 1.00
#29 (32.40 fps) exp 7410.00 ag 1.00 dg 1.00
#30 (32.41 fps) exp 7410.00 ag 1.00 dg 1.00
#31 (32.40 fps) exp 7410.00 ag 1.00 dg 1.00
#32 (32.41 fps) exp 7410.00 ag 1.00 dg 1.00
#33 (32.41 fps) exp 7410.00 ag 1.00 dg 1.00
#34 (32.41 fps) exp 7410.00 ag 1.00 dg 1.00
#35 (32.41 fps) exp 7410.00 ag 1.00 dg 1.00
#36 (32.41 fps) exp 7410.00 ag 1.00 dg 1.00
#37 (32.40 fps) exp 7410.00 ag 1.00 dg 1.00
#38 (32.40 fps) exp 7410.00 ag 1.00 dg 1.00
#39 (32.41 fps) exp 7410.00 ag 1.00 dg 1.00
#40 (32.41 fps) exp 7410.00 ag 1.00 dg 1.00
#41 (32.41 fps) exp 7410.00 ag 1.00 dg 1.00
#42 (32.41 fps) exp 7410.00 ag 1.00 dg 1.00
#43 (32.39 fps) exp 7410.00 ag 1.00 dg 1.00
#44 (32.42 fps) exp 7410.00 ag 1.00 dg 1.00
#45 (32.41 fps) exp 7410.00 ag 1.00 dg 1.00
#46 (32.41 fps) exp 7410.00 ag 1.00 dg 1.00
#47 (32.40 fps) exp 7410.00 ag 1.00 dg 1.00
#48 (32.41 fps) exp 7410.00 ag 1.00 dg 1.00
#49 (32.41 fps) exp 7410.00 ag 1.00 dg 1.00
#50 (32.40 fps) exp 7410.00 ag 1.00 dg 1.00
#51 (32.41 fps) exp 7410.00 ag 1.00 dg 1.00
#52 (32.40 fps) exp 7410.00 ag 1.00 dg 1.00
#53 (32.41 fps) exp 7410.00 ag 1.00 dg 1.00
#54 (32.42 fps) exp 7410.00 ag 1.00 dg 1.00
#55 (32.41 fps) exp 7410.00 ag 1.00 dg 1.00
#56 (32.41 fps) exp 7410.00 ag 1.00 dg 1.00
#57 (32.40 fps) exp 7410.00 ag 1.00 dg 1.00
#58 (32.41 fps) exp 7410.00 ag 1.00 dg 1.00
#59 (32.40 fps) exp 7410.00 ag 1.00 dg 1.00
#60 (32.41 fps) exp 7410.00 ag 1.00 dg 1.00
#61 (32.40 fps) exp 7410.00 ag 1.00 dg 1.00
#62 (32.41 fps) exp 7410.00 ag 1.00 dg 1.00
#63 (32.41 fps) exp 7410.00 ag 1.00 dg 1.00
#64 (32.41 fps) exp 7410.00 ag 1.00 dg 1.00
#65 (32.40 fps) exp 7410.00 ag 1.00 dg 1.00
#66 (32.41 fps) exp 7410.00 ag 1.00 dg 1.00
#67 (32.41 fps) exp 7410.00 ag 1.00 dg 1.00
#68 (32.41 fps) exp 7410.00 ag 1.00 dg 1.00
#69 (32.41 fps) exp 7410.00 ag 1.00 dg 1.00
#70 (32.40 fps) exp 7410.00 ag 1.00 dg 1.00
#71 (32.41 fps) exp 7410.00 ag 1.00 dg 1.00
#72 (32.40 fps) exp 7410.00 ag 1.00 dg 1.00
#73 (32.41 fps) exp 7410.00 ag 1.00 dg 1.00
#74 (32.41 fps) exp 7410.00 ag 1.00 dg 1.00
#75 (32.41 fps) exp 7410.00 ag 1.00 dg 1.00
#76 (32.41 fps) exp 7410.00 ag 1.00 dg 1.00
#77 (32.38 fps) exp 7410.00 ag 1.00 dg 1.00
#78 (32.43 fps) exp 7410.00 ag 1.00 dg 1.00
#79 (32.41 fps) exp 7410.00 ag 1.00 dg 1.00
#80 (32.41 fps) exp 7410.00 ag 1.00 dg 1.00
#81 (32.41 fps) exp 7410.00 ag 1.00 dg 1.00
#82 (32.40 fps) exp 7410.00 ag 1.00 dg 1.00
#83 (32.41 fps) exp 7410.00 ag 1.00 dg 1.00
#84 (32.41 fps) exp 7410.00 ag 1.00 dg 1.00
#85 (32.41 fps) exp 7410.00 ag 1.00 dg 1.00
#86 (32.41 fps) exp 7410.00 ag 1.00 dg 1.00
#87 (32.39 fps) exp 7410.00 ag 1.00 dg 1.00
#88 (32.42 fps) exp 7410.00 ag 1.00 dg 1.00
#89 (32.40 fps) exp 7410.00 ag 1.00 dg 1.00
#90 (32.41 fps) exp 7410.00 ag 1.00 dg 1.00
#91 (32.41 fps) exp 7410.00 ag 1.00 dg 1.00
#92 (32.40 fps) exp 7410.00 ag 1.00 dg 1.00
#93 (32.41 fps) exp 7410.00 ag 1.00 dg 1.00
#94 (32.41 fps) exp 7410.00 ag 1.00 dg 1.00
#95 (32.40 fps) exp 7410.00 ag 1.00 dg 1.00
#96 (32.41 fps) exp 7410.00 ag 1.00 dg 1.00
#97 (32.40 fps) exp 7410.00 ag 1.00 dg 1.00
#98 (32.38 fps) exp 7410.00 ag 1.00 dg 1.00
#99 (32.43 fps) exp 7410.00 ag 1.00 dg 1.00
#100 (32.41 fps) exp 7410.00 ag 1.00 dg 1.00
#101 (32.41 fps) exp 7410.00 ag 1.00 dg 1.00
#102 (32.41 fps) exp 7410.00 ag 1.00 dg 1.00
#103 (32.41 fps) exp 7410.00 ag 1.00 dg 1.00
#104 (32.41 fps) exp 7410.00 ag 1.00 dg 1.00
#105 (32.41 fps) exp 7410.00 ag 1.00 dg 1.00
#106 (32.40 fps) exp 7410.00 ag 1.00 dg 1.00
#107 (32.41 fps) exp 7410.00 ag 1.00 dg 1.00
#108 (32.41 fps) exp 7410.00 ag 1.00 dg 1.00
#109 (32.41 fps) exp 7410.00 ag 1.00 dg 1.00
#110 (32.40 fps) exp 7410.00 ag 1.00 dg 1.00
#111 (32.41 fps) exp 7410.00 ag 1.00 dg 1.00
#112 (32.41 fps) exp 7410.00 ag 1.00 dg 1.00
#113 (32.41 fps) exp 7410.00 ag 1.00 dg 1.00
#114 (32.40 fps) exp 7410.00 ag 1.00 dg 1.00
#115 (32.41 fps) exp 7410.00 ag 1.00 dg 1.00
#116 (32.40 fps) exp 7410.00 ag 1.00 dg 1.00
#117 (32.41 fps) exp 7410.00 ag 1.00 dg 1.00
#118 (32.41 fps) exp 7410.00 ag 1.00 dg 1.00
#119 (32.39 fps) exp 7410.00 ag 1.00 dg 1.00
#120 (32.42 fps) exp 7410.00 ag 1.00 dg 1.00
#121 (32.41 fps) exp 7410.00 ag 1.00 dg 1.00
#122 (32.40 fps) exp 7410.00 ag 1.00 dg 1.00
#123 (32.41 fps) exp 7410.00 ag 1.00 dg 1.00
#124 (32.41 fps) exp 7410.00 ag 1.00 dg 1.00
#125 (32.41 fps) exp 7410.00 ag 1.00 dg 1.00
#126 (32.41 fps) exp 7410.00 ag 1.00 dg 1.00
#127 (32.40 fps) exp 7410.00 ag 1.00 dg 1.00
#128 (32.41 fps) exp 7410.00 ag 1.00 dg 1.00
#129 (32.41 fps) exp 7410.00 ag 1.00 dg 1.00
#130 (32.41 fps) exp 7410.00 ag 1.00 dg 1.00
#131 (32.41 fps) exp 7410.00 ag 1.00 dg 1.00
#132 (32.41 fps) exp 7410.00 ag 1.00 dg 1.00
#133 (32.41 fps) exp 7410.00 ag 1.00 dg 1.00
#134 (32.41 fps) exp 7410.00 ag 1.00 dg 1.00
#135 (32.41 fps) exp 7410.00 ag 1.00 dg 1.00
#136 (32.41 fps) exp 7410.00 ag 1.00 dg 1.00
#137 (32.40 fps) exp 7410.00 ag 1.00 dg 1.00
#138 (32.41 fps) exp 7410.00 ag 1.00 dg 1.00
#139 (32.41 fps) exp 7410.00 ag 1.00 dg 1.00
#140 (32.41 fps) exp 7410.00 ag 1.00 dg 1.00
#141 (32.41 fps) exp 7410.00 ag 1.00 dg 1.00
#142 (32.41 fps) exp 7410.00 ag 1.00 dg 1.00
#143 (32.41 fps) exp 7410.00 ag 1.00 dg 1.00
#144 (32.41 fps) exp 7410.00 ag 1.00 dg 1.00
#145 (32.41 fps) exp 7410.00 ag 1.00 dg 1.00
#146 (32.41 fps) exp 7410.00 ag 1.00 dg 1.00
#147 (32.41 fps) exp 7410.00 ag 1.00 dg 1.00
#148 (32.41 fps) exp 7410.00 ag 1.00 dg 1.00
#149 (32.41 fps) exp 7410.00 ag 1.00 dg 1.00
#150 (32.41 fps) exp 7410.00 ag 1.00 dg 1.00
#151 (32.41 fps) exp 7410.00 ag 1.00 dg 1.00
#152 (32.41 fps) exp 7410.00 ag 1.00 dg 1.00
#153 (32.41 fps) exp 7410.00 ag 1.00 dg 1.00
#154 (32.41 fps) exp 7410.00 ag 1.00 dg 1.00
#155 (32.41 fps) exp 7410.00 ag 1.00 dg 1.00
#156 (32.40 fps) exp 7410.00 ag 1.00 dg 1.00
#157 (32.41 fps) exp 7410.00 ag 1.00 dg 1.00
#158 (32.41 fps) exp 7410.00 ag 1.00 dg 1.00
Mode selection for 320:256:12:P
    SGBRG10_CSI2P,640x480/0 - Score: 1167.25
    SGBRG10_CSI2P,1296x972/0 - Score: 1454.25
    SGBRG10_CSI2P,1920x1080/0 - Score: 1803.92
    SGBRG10_CSI2P,2592x1944/0 - Score: 2021.25
Stream configuration adjusted
[0:00:34.160544569] [1023] [1;32m INFO [1;37mCamera [1;34mcamera.cpp:1215 [0mconfiguring streams: (0) 320x256-YUV420/sYCC (1) 640x480-SGBRG10_CSI2P/RAW
[0:00:34.163645090] [1037] [1;32m INFO [1;37mRPI [1;34mvc4.cpp:620 [0mSensor: /base/soc/i2c0mux/i2c@1/ov5647@36 - Selected sensor format: 640x480-SGBRG10_1X10/RAW - Selected unicam format: 640x480-pGAA/RAW
Still capture image received
Playing WAVE 'sstv.wav' : Signed 16 bit Little Endian, Rate 48000 Hz, Mono
Run id
uid=1000(w2cxm) gid=1000(w2cxm) groups=1000(w2cxm),4(adm),20(dialout),24(cdrom),27(sudo),29(audio),44(video),46(plugdev),60(games),100(users),102(netdev),108(lpadmin),986(gpio),988(i2c),989(spi),992(render),996(input)
RAN id
[0:00:27.937428374] [1022] [1;32m INFO [1;37mCamera [1;34mcamera_manager.cpp:340 [0mlibcamera v0.6.0+rpt20251202
[0:00:27.996876343] [1030] [1;32m INFO [1;37mIPAProxy [1;34mipa_proxy.cpp:180 [0mUsing tuning file /usr/share/libcamera/ipa/rpi/vc4/ov5647.json
[0:00:28.014964780] [1030] [1;32m INFO [1;37mCamera [1;34mcamera_manager.cpp:223 [0mAdding camera '/base/soc/i2c0mux/i2c@1/ov5647@36' for pipeline handler rpi/vc4
[0:00:28.015143582] [1030] [1;32m INFO [1;37mRPI [1;34mvc4.cpp:445 [0mRegistered camera /base/soc/i2c0mux/i2c@1/ov5647@36 to Unicam device /dev/media2 and ISP device /dev/media0
[0:00:28.015232905] [1030] [1;32m INFO [1;37mRPI [1;34mpipeline_base.cpp:1111 [0mUsing configuration file '/usr/share/libcamera/pipeline/rpi/vc4/rpi_apps.yaml'
Made X/EGL preview window
Made DRM preview window
Preview window unavailable
Mode selection for 1214:972:12:P
    SGBRG10_CSI2P,640x480/0 - Score: 3163.64
    SGBRG10_CSI2P,1296x972/0 - Score: 1052.14
    SGBRG10_CSI2P,1920x1080/0 - Score: 1401.8
    SGBRG10_CSI2P,2592x1944/0 - Score: 1619.14
Stream configuration adjusted
[0:00:28.700818530] [1022] [1;32m INFO [1;37mCamera [1;34mcamera.cpp:1215 [0mconfiguring streams: (0) 1214x972-YUV420/sYCC (1) 1296x972-SGBRG10_CSI2P/RAW
[0:00:28.701646603] [1030] [1;32m INFO [1;37mRPI [1;34mvc4.cpp:620 [0mSensor: /base/soc/i2c0mux/i2c@1/ov5647@36 - Selected sensor format: 1296x972-SGBRG10_1X10/RAW - Selected unicam format: 1296x972-pGAA/RAW
#10 (0.00 fps) exp 33239.00 ag 8.00 dg 1.00
#11 (32.41 fps) exp 33239.00 ag 8.00 dg 1.00
#12 (32.40 fps) exp 33239.00 ag 8.00 dg 1.00
#13 (32.39 fps) exp 33239.00 ag 8.00 dg 1.00
#14 (32.37 fps) exp 33239.00 ag 8.00 dg 1.00
#15 (32.45 fps) exp 33239.00 ag 8.00 dg 1.00
#16 (32.41 fps) exp 33239.00 ag 8.00 dg 1.00
#17 (32.40 fps) exp 33239.00 ag 8.00 dg 1.00
#18 (32.41 fps) exp 33239.00 ag 8.00 dg 1.00
#19 (32.41 fps) exp 33239.00 ag 8.00 dg 1.00
#20 (32.41 fps) exp 33239.00 ag 8.00 dg 1.00
#21 (32.41 fps) exp 33239.00 ag 8.00 dg 1.00
#22 (32.41 fps) exp 33239.00 ag 8.00 dg 1.00
#23 (32.41 fps) exp 33239.00 ag 8.00 dg 1.00
#24 (32.41 fps) exp 33239.00 ag 8.00 dg 1.00
#25 (32.41 fps) exp 33239.00 ag 8.00 dg 1.00
#26 (32.41 fps) exp 33239.00 ag 8.00 dg 1.00
#27 (32.40 fps) exp 33239.00 ag 8.00 dg 1.00
#28 (32.41 fps) exp 33239.00 ag 8.00 dg 1.00
#29 (32.41 fps) exp 33239.00 ag 8.00 dg 1.00
#30 (32.41 fps) exp 33239.00 ag 8.00 dg 1.00
#31 (32.41 fps) exp 33239.00 ag 8.00 dg 1.00
#32 (32.41 fps) exp 33239.00 ag 8.00 dg 1.00
#33 (32.41 fps) exp 33239.00 ag 8.00 dg 1.00
#34 (32.41 fps) exp 33239.00 ag 8.00 dg 1.00
#35 (32.40 fps) exp 33239.00 ag 8.00 dg 1.00
#36 (32.41 fps) exp 33239.00 ag 8.00 dg 1.00
#37 (32.41 fps) exp 33239.00 ag 8.00 dg 1.00
#38 (32.41 fps) exp 33239.00 ag 8.00 dg 1.00
#39 (32.41 fps) exp 33239.00 ag 8.00 dg 1.00
#40 (32.40 fps) exp 33239.00 ag 8.00 dg 1.00
#41 (32.41 fps) exp 33239.00 ag 8.00 dg 1.00
#42 (32.40 fps) exp 33239.00 ag 8.00 dg 1.00
#43 (32.41 fps) exp 33239.00 ag 8.00 dg 1.00
#44 (32.40 fps) exp 33239.00 ag 8.00 dg 1.00
#45 (32.41 fps) exp 33239.00 ag 8.00 dg 1.00
#46 (32.41 fps) exp 33239.00 ag 8.00 dg 1.00
#47 (32.41 fps) exp 33239.00 ag 8.00 dg 1.00
#48 (32.41 fps) exp 33239.00 ag 8.00 dg 1.00
#49 (32.41 fps) exp 33239.00 ag 8.00 dg 1.00
#50 (32.40 fps) exp 33239.00 ag 8.00 dg 1.00
#51 (32.41 fps) exp 33239.00 ag 8.00 dg 1.00
#52 (32.41 fps) exp 33239.00 ag 8.00 dg 1.00
#53 (32.41 fps) exp 33239.00 ag 8.00 dg 1.00
#54 (32.40 fps) exp 33239.00 ag 8.00 dg 1.00
#55 (32.41 fps) exp 33239.00 ag 8.00 dg 1.00
#56 (32.41 fps) exp 33239.00 ag 8.00 dg 1.00
#57 (32.41 fps) exp 33239.00 ag 8.00 dg 1.00
#58 (32.41 fps) exp 33239.00 ag 8.00 dg 1.00
#59 (32.41 fps) exp 33239.00 ag 8.00 dg 1.00
#60 (32.41 fps) exp 33239.00 ag 8.00 dg 1.00
#61 (32.40 fps) exp 33239.00 ag 8.00 dg 1.00
#62 (32.41 fps) exp 33239.00 ag 8.00 dg 1.00
#63 (32.41 fps) exp 33239.00 ag 8.00 dg 1.00
#64 (32.41 fps) exp 33239.00 ag 8.00 dg 1.00
#65 (32.40 fps) exp 33239.00 ag 8.00 dg 1.00
#66 (32.41 fps) exp 33239.00 ag 8.00 dg 1.00
#67 (32.39 fps) exp 33239.00 ag 8.00 dg 1.00
#68 (32.42 fps) exp 33239.00 ag 8.00 dg 1.00
#69 (32.41 fps) exp 33239.00 ag 8.00 dg 1.00
#70 (32.41 fps) exp 33239.00 ag 8.00 dg 1.00
#71 (32.41 fps) exp 33239.00 ag 8.00 dg 1.00
#72 (32.41 fps) exp 33239.00 ag 8.00 dg 1.00
#73 (32.41 fps) exp 33239.00 ag 8.00 dg 1.00
#74 (32.41 fps) exp 33239.00 ag 8.00 dg 1.00
#75 (32.41 fps) exp 33239.00 ag 8.00 dg 1.00
#76 (32.41 fps) exp 33239.00 ag 8.00 dg 1.00
#77 (32.40 fps) exp 33239.00 ag 8.00 dg 1.00
#78 (32.40 fps) exp 33239.00 ag 8.00 dg 1.00
#79 (32.42 fps) exp 33239.00 ag 8.00 dg 1.00
#80 (32.41 fps) exp 33239.00 ag 8.00 dg 1.00
#81 (32.41 fps) exp 33239.00 ag 8.00 dg 1.00
#82 (32.40 fps) exp 33239.00 ag 8.00 dg 1.00
#83 (32.40 fps) exp 33239.00 ag 8.00 dg 1.00
#84 (32.41 fps) exp 33239.00 ag 8.00 dg 1.00
#85 (32.40 fps) exp 33239.00 ag 8.00 dg 1.00
#86 (32.41 fps) exp 33239.00 ag 8.00 dg 1.00
#87 (32.41 fps) exp 33239.00 ag 8.00 dg 1.00
#88 (32.41 fps) exp 33239.00 ag 8.00 dg 1.00
#89 (32.41 fps) exp 33239.00 ag 8.00 dg 1.00
#90 (32.40 fps) exp 33239.00 ag 8.00 dg 1.00
#91 (32.41 fps) exp 33239.00 ag 8.00 dg 1.00
#92 (32.40 fps) exp 33239.00 ag 8.00 dg 1.00
#93 (32.40 fps) exp 33239.00 ag 8.00 dg 1.00
#94 (32.41 fps) exp 33239.00 ag 8.00 dg 1.00
#95 (32.41 fps) exp 33239.00 ag 8.00 dg 1.00
#96 (32.41 fps) exp 33239.00 ag 8.00 dg 1.00
#97 (32.41 fps) exp 33239.00 ag 8.00 dg 1.00
#98 (32.40 fps) exp 33239.00 ag 8.00 dg 1.00
#99 (32.41 fps) exp 33239.00 ag 8.00 dg 1.00
#100 (32.41 fps) exp 33239.00 ag 8.00 dg 1.00
#101 (32.41 fps) exp 33239.00 ag 8.00 dg 1.00
#102 (32.41 fps) exp 33239.00 ag 8.00 dg 1.00
#103 (32.40 fps) exp 33239.00 ag 8.00 dg 1.00
#104 (32.41 fps) exp 33239.00 ag 8.00 dg 1.00
#105 (32.41 fps) exp 33239.00 ag 8.00 dg 1.00
#106 (32.41 fps) exp 33239.00 ag 8.00 dg 1.00
#107 (32.41 fps) exp 33239.00 ag 8.00 dg 1.00
#108 (32.41 fps) exp 33239.00 ag 8.00 dg 1.00
#109 (32.41 fps) exp 33239.00 ag 8.00 dg 1.00
#110 (32.40 fps) exp 33239.00 ag 8.00 dg 1.00
#111 (32.41 fps) exp 33239.00 ag 8.00 dg 1.00
#112 (32.41 fps) exp 33239.00 ag 8.00 dg 1.00
#113 (32.41 fps) exp 33239.00 ag 8.00 dg 1.00
#114 (32.41 fps) exp 33239.00 ag 8.00 dg 1.00
#115 (32.40 fps) exp 33239.00 ag 8.00 dg 1.00
#116 (32.41 fps) exp 33239.00 ag 8.00 dg 1.00
#117 (32.40 fps) exp 33239.00 ag 8.00 dg 1.00
#118 (32.41 fps) exp 33239.00 ag 8.00 dg 1.00
#119 (32.40 fps) exp 33239.00 ag 8.00 dg 1.00
#120 (32.41 fps) exp 33239.00 ag 8.00 dg 1.00
#121 (32.40 fps) exp 33239.00 ag 8.00 dg 1.00
#122 (32.41 fps) exp 33239.00 ag 8.00 dg 1.00
#123 (32.39 fps) exp 33239.00 ag 8.00 dg 1.00
#124 (32.43 fps) exp 33239.00 ag 8.00 dg 1.00
#125 (32.40 fps) exp 33239.00 ag 8.00 dg 1.00
#126 (32.41 fps) exp 33239.00 ag 8.00 dg 1.00
#127 (32.41 fps) exp 33239.00 ag 8.00 dg 1.00
#128 (32.41 fps) exp 33239.00 ag 8.00 dg 1.00
#129 (32.41 fps) exp 33239.00 ag 8.00 dg 1.00
#130 (32.40 fps) exp 33239.00 ag 8.00 dg 1.00
#131 (32.40 fps) exp 33239.00 ag 8.00 dg 1.00
#132 (32.41 fps) exp 33239.00 ag 8.00 dg 1.00
#133 (32.40 fps) exp 33239.00 ag 8.00 dg 1.00
#134 (32.40 fps) exp 33239.00 ag 8.00 dg 1.00
#135 (32.41 fps) exp 33239.00 ag 8.00 dg 1.00
#136 (32.41 fps) exp 33239.00 ag 8.00 dg 1.00
#137 (32.41 fps) exp 33239.00 ag 8.00 dg 1.00
#138 (32.41 fps) exp 33239.00 ag 8.00 dg 1.00
#139 (32.40 fps) exp 33239.00 ag 8.00 dg 1.00
#140 (32.41 fps) exp 33239.00 ag 8.00 dg 1.00
#141 (32.41 fps) exp 33239.00 ag 8.00 dg 1.00
#142 (32.40 fps) exp 33239.00 ag 8.00 dg 1.00
#143 (32.41 fps) exp 33239.00 ag 8.00 dg 1.00
#144 (32.41 fps) exp 33239.00 ag 8.00 dg 1.00
#145 (32.41 fps) exp 33239.00 ag 8.00 dg 1.00
#146 (32.41 fps) exp 33239.00 ag 8.00 dg 1.00
#147 (32.41 fps) exp 33239.00 ag 8.00 dg 1.00
#148 (32.41 fps) exp 33239.00 ag 8.00 dg 1.00
#149 (32.40 fps) exp 33239.00 ag 8.00 dg 1.00
#150 (32.41 fps) exp 33239.00 ag 8.00 dg 1.00
#151 (32.41 fps) exp 33239.00 ag 8.00 dg 1.00
#152 (32.41 fps) exp 33239.00 ag 8.00 dg 1.00
#153 (32.41 fps) exp 33239.00 ag 8.00 dg 1.00
#154 (32.41 fps) exp 33239.00 ag 8.00 dg 1.00
#155 (32.41 fps) exp 33239.00 ag 8.00 dg 1.00
#156 (32.41 fps) exp 33239.00 ag 8.00 dg 1.00
#157 (32.40 fps) exp 33239.00 ag 8.00 dg 1.00
#158 (32.40 fps) exp 33239.00 ag 8.00 dg 1.00
Mode selection for 320:256:12:P
    SGBRG10_CSI2P,640x480/0 - Score: 1167.25
    SGBRG10_CSI2P,1296x972/0 - Score: 1454.25
    SGBRG10_CSI2P,1920x1080/0 - Score: 1803.92
    SGBRG10_CSI2P,2592x1944/0 - Score: 2021.25
Stream configuration adjusted
[0:00:33.807942382] [1022] [1;32m INFO [1;37mCamera [1;34mcamera.cpp:1215 [0mconfiguring streams: (0) 320x256-YUV420/sYCC (1) 640x480-SGBRG10_CSI2P/RAW
[0:00:33.812083841] [1030] [1;32m INFO [1;37mRPI [1;34mvc4.cpp:620 [0mSensor: /base/soc/i2c0mux/i2c@1/ov5647@36 - Selected sensor format: 640x480-SGBRG10_1X10/RAW - Selected unicam format: 640x480-pGAA/RAW
Still capture image received
Playing WAVE 'sstv.wav' : Signed 16 bit Little Endian, Rate 48000 Hz, Mono
Run id
uid=1000(w2cxm) gid=1000(w2cxm) groups=1000(w2cxm),4(adm),20(dialout),24(cdrom),27(sudo),29(audio),44(video),46(plugdev),60(games),100(users),102(netdev),108(lpadmin),986(gpio),988(i2c),989(spi),992(render),996(input)
RAN id
[0:00:27.550953322] [1023] [1;32m INFO [1;37mCamera [1;34mcamera_manager.cpp:340 [0mlibcamera v0.6.0+rpt20251202
[0:00:27.632879156] [1034] [1;32m INFO [1;37mIPAProxy [1;34mipa_proxy.cpp:180 [0mUsing tuning file /usr/share/libcamera/ipa/rpi/vc4/ov5647.json
[0:00:27.665814728] [1034] [1;32m INFO [1;37mCamera [1;34mcamera_manager.cpp:223 [0mAdding camera '/base/soc/i2c0mux/i2c@1/ov5647@36' for pipeline handler rpi/vc4
[0:00:27.665927228] [1034] [1;32m INFO [1;37mRPI [1;34mvc4.cpp:445 [0mRegistered camera /base/soc/i2c0mux/i2c@1/ov5647@36 to Unicam device /dev/media0 and ISP device /dev/media1
[0:00:27.665987437] [1034] [1;32m INFO [1;37mRPI [1;34mpipeline_base.cpp:1111 [0mUsing configuration file '/usr/share/libcamera/pipeline/rpi/vc4/rpi_apps.yaml'
Made X/EGL preview window
Made DRM preview window
Preview window unavailable
Mode selection for 1214:972:12:P
    SGBRG10_CSI2P,640x480/0 - Score: 3163.64
    SGBRG10_CSI2P,1296x972/0 - Score: 1052.14
    SGBRG10_CSI2P,1920x1080/0 - Score: 1401.8
    SGBRG10_CSI2P,2592x1944/0 - Score: 1619.14
Stream configuration adjusted
[0:00:28.786812645] [1023] [1;32m INFO [1;37mCamera [1;34mcamera.cpp:1215 [0mconfiguring streams: (0) 1214x972-YUV420/sYCC (1) 1296x972-SGBRG10_CSI2P/RAW
[0:00:28.787517072] [1034] [1;32m INFO [1;37mRPI [1;34mvc4.cpp:620 [0mSensor: /base/soc/i2c0mux/i2c@1/ov5647@36 - Selected sensor format: 1296x972-SGBRG10_1X10/RAW - Selected unicam format: 1296x972-pGAA/RAW
#10 (0.00 fps) exp 9967.00 ag 1.00 dg 1.03
#11 (32.41 fps) exp 9967.00 ag 1.00 dg 1.03
#12 (32.41 fps) exp 9967.00 ag 1.00 dg 1.03
#13 (32.41 fps) exp 9967.00 ag 1.00 dg 1.03
#14 (32.40 fps) exp 9967.00 ag 1.12 dg 1.01
#15 (32.40 fps) exp 9967.00 ag 1.12 dg 1.01
#16 (32.41 fps) exp 9967.00 ag 1.12 dg 1.01
#17 (32.41 fps) exp 9967.00 ag 1.12 dg 1.01
#18 (32.41 fps) exp 9967.00 ag 1.12 dg 1.03
#19 (32.41 fps) exp 9967.00 ag 1.12 dg 1.05
#20 (32.40 fps) exp 9967.00 ag 1.12 dg 1.05
#21 (32.41 fps) exp 9967.00 ag 1.12 dg 1.05
#22 (32.41 fps) exp 9967.00 ag 1.12 dg 1.05
#23 (32.40 fps) exp 9967.00 ag 1.12 dg 1.05
#24 (32.41 fps) exp 9967.00 ag 1.12 dg 1.05
#25 (32.41 fps) exp 9967.00 ag 1.12 dg 1.05
#26 (32.41 fps) exp 9967.00 ag 1.12 dg 1.05
#27 (32.41 fps) exp 9967.00 ag 1.12 dg 1.05
#28 (32.40 fps) exp 9967.00 ag 1.12 dg 1.05
#29 (32.41 fps) exp 9967.00 ag 1.12 dg 1.05
#30 (32.40 fps) exp 9967.00 ag 1.12 dg 1.05
#31 (32.41 fps) exp 9967.00 ag 1.12 dg 1.05
#32 (32.41 fps) exp 9967.00 ag 1.12 dg 1.05
#33 (32.41 fps) exp 9967.00 ag 1.12 dg 1.05
#34 (32.40 fps) exp 9967.00 ag 1.12 dg 1.05
#35 (32.41 fps) exp 9967.00 ag 1.12 dg 1.05
#36 (32.41 fps) exp 9967.00 ag 1.12 dg 1.05
#37 (32.41 fps) exp 9967.00 ag 1.12 dg 1.05
#38 (32.41 fps) exp 9967.00 ag 1.12 dg 1.05
#39 (32.41 fps) exp 9967.00 ag 1.12 dg 1.05
#40 (32.41 fps) exp 9967.00 ag 1.12 dg 1.05
#41 (32.41 fps) exp 9967.00 ag 1.12 dg 1.05
#42 (32.40 fps) exp 9967.00 ag 1.12 dg 1.05
#43 (32.41 fps) exp 9967.00 ag 1.12 dg 1.05
#44 (32.40 fps) exp 9967.00 ag 1.12 dg 1.05
#45 (32.38 fps) exp 9967.00 ag 1.12 dg 1.05
#46 (32.44 fps) exp 9967.00 ag 1.12 dg 1.05
#47 (32.41 fps) exp 9967.00 ag 1.12 dg 1.05
#48 (32.41 fps) exp 9967.00 ag 1.12 dg 1.05
#49 (32.40 fps) exp 9967.00 ag 1.12 dg 1.05
#50 (32.41 fps) exp 9967.00 ag 1.12 dg 1.05
#51 (32.40 fps) exp 9967.00 ag 1.12 dg 1.05
#52 (32.41 fps) exp 9967.00 ag 1.12 dg 1.05
#53 (32.41 fps) exp 9967.00 ag 1.12 dg 1.05
#54 (32.41 fps) exp 9967.00 ag 1.12 dg 1.05
#55 (32.41 fps) exp 9967.00 ag 1.12 dg 1.05
#56 (32.40 fps) exp 9967.00 ag 1.12 dg 1.05
#57 (32.40 fps) exp 9967.00 ag 1.12 dg 1.05
#58 (32.40 fps) exp 9967.00 ag 1.12 dg 1.05
#59 (32.41 fps) exp 9967.00 ag 1.12 dg 1.05
#60 (32.41 fps) exp 9967.00 ag 1.12 dg 1.05
#61 (32.41 fps) exp 9967.00 ag 1.12 dg 1.05
#62 (32.41 fps) exp 9967.00 ag 1.12 dg 1.05
#63 (32.41 fps) exp 9967.00 ag 1.12 dg 1.05
#64 (32.41 fps) exp 9967.00 ag 1.12 dg 1.05
#65 (32.41 fps) exp 9967.00 ag 1.12 dg 1.05
#66 (32.41 fps) exp 9967.00 ag 1.12 dg 1.05
#67 (32.40 fps) exp 9967.00 ag 1.12 dg 1.05
#68 (32.41 fps) exp 9967.00 ag 1.12 dg 1.05
#69 (32.40 fps) exp 9967.00 ag 1.12 dg 1.05
#70 (32.41 fps) exp 9967.00 ag 1.12 dg 1.05
#71 (32.40 fps) exp 9967.00 ag 1.12 dg 1.05
#72 (32.41 fps) exp 9967.00 ag 1.12 dg 1.05
#73 (32.41 fps) exp 9967.00 ag 1.12 dg 1.05
#74 (32.40 fps) exp 9967.00 ag 1.12 dg 1.05
#75 (32.41 fps) exp 9967.00 ag 1.12 dg 1.05
#76 (32.41 fps) exp 9967.00 ag 1.12 dg 1.05
#77 (32.40 fps) exp 9967.00 ag 1.12 dg 1.05
#78 (32.41 fps) exp 9967.00 ag 1.12 dg 1.05
#79 (32.40 fps) exp 9967.00 ag 1.12 dg 1.05
#80 (32.41 fps) exp 9967.00 ag 1.12 dg 1.05
#81 (32.41 fps) exp 9967.00 ag 1.12 dg 1.05
#82 (32.38 fps) exp 9967.00 ag 1.12 dg 1.05
#83 (32.43 fps) exp 9967.00 ag 1.12 dg 1.05
#84 (32.41 fps) exp 9967.00 ag 1.12 dg 1.05
#85 (32.41 fps) exp 9967.00 ag 1.12 dg 1.05
#86 (32.41 fps) exp 9967.00 ag 1.12 dg 1.05
#87 (32.41 fps) exp 9967.00 ag 1.12 dg 1.05
#88 (32.40 fps) exp 9967.00 ag 1.12 dg 1.05
#89 (32.41 fps) exp 9967.00 ag 1.12 dg 1.05
#90 (32.41 fps) exp 9967.00 ag 1.12 dg 1.05
#91 (32.40 fps) exp 9967.00 ag 1.12 dg 1.05
#92 (32.41 fps) exp 9967.00 ag 1.12 dg 1.05
#93 (32.41 fps) exp 9967.00 ag 1.12 dg 1.05
#94 (32.40 fps) exp 9967.00 ag 1.12 dg 1.05
#95 (32.40 fps) exp 9967.00 ag 1.12 dg 1.05
#96 (32.41 fps) exp 9967.00 ag 1.12 dg 1.05
#97 (32.39 fps) exp 9967.00 ag 1.12 dg 1.05
#98 (32.42 fps) exp 9967.00 ag 1.12 dg 1.05
#99 (32.41 fps) exp 9967.00 ag 1.12 dg 1.05
#100 (32.41 fps) exp 9967.00 ag 1.12 dg 1.05
#101 (32.41 fps) exp 9967.00 ag 1.12 dg 1.05
#102 (32.40 fps) exp 9967.00 ag 1.12 dg 1.05
#103 (32.41 fps) exp 9967.00 ag 1.12 dg 1.05
#104 (32.41 fps) exp 9967.00 ag 1.12 dg 1.05
#105 (32.41 fps) exp 9967.00 ag 1.12 dg 1.05
#106 (32.40 fps) exp 9967.00 ag 1.12 dg 1.05
#107 (32.41 fps) exp 9967.00 ag 1.12 dg 1.05
#108 (32.40 fps) exp 9967.00 ag 1.12 dg 1.05
#109 (32.38 fps) exp 9967.00 ag 1.12 dg 1.05
#110 (32.44 fps) exp 9967.00 ag 1.12 dg 1.05
#111 (32.41 fps) exp 9967.00 ag 1.12 dg 1.05
#112 (32.40 fps) exp 9967.00 ag 1.12 dg 1.05
#113 (32.41 fps) exp 9967.00 ag 1.12 dg 1.05
#114 (32.41 fps) exp 9967.00 ag 1.12 dg 1.05
#115 (32.40 fps) exp 9967.00 ag 1.12 dg 1.05
#116 (32.40 fps) exp 9967.00 ag 1.12 dg 1.05
#117 (32.41 fps) exp 9967.00 ag 1.12 dg 1.05
#118 (32.40 fps) exp 9967.00 ag 1.12 dg 1.05
#119 (32.40 fps) exp 9967.00 ag 1.12 dg 1.05
#120 (32.42 fps) exp 9967.00 ag 1.12 dg 1.05
#121 (32.41 fps) exp 9967.00 ag 1.12 dg 1.05
#122 (32.41 fps) exp 9967.00 ag 1.12 dg 1.05
#123 (32.41 fps) exp 9967.00 ag 1.12 dg 1.05
#124 (32.41 fps) exp 9967.00 ag 1.12 dg 1.05
#125 (32.41 fps) exp 9967.00 ag 1.12 dg 1.05
#126 (32.41 fps) exp 9967.00 ag 1.12 dg 1.05
#127 (32.41 fps) exp 9967.00 ag 1.12 dg 1.05
#128 (32.41 fps) exp 9967.00 ag 1.12 dg 1.05
#129 (32.41 fps) exp 9967.00 ag 1.12 dg 1.05
#130 (32.41 fps) exp 9967.00 ag 1.12 dg 1.05
#131 (32.41 fps) exp 9967.00 ag 1.12 dg 1.05
#132 (32.40 fps) exp 9967.00 ag 1.12 dg 1.05
#133 (32.41 fps) exp 9967.00 ag 1.12 dg 1.05
#134 (32.41 fps) exp 9967.00 ag 1.12 dg 1.05
#135 (32.41 fps) exp 9967.00 ag 1.12 dg 1.05
#136 (32.41 fps) exp 9967.00 ag 1.12 dg 1.05
#137 (32.41 fps) exp 9967.00 ag 1.12 dg 1.05
#138 (32.40 fps) exp 9967.00 ag 1.12 dg 1.05
#139 (32.41 fps) exp 9967.00 ag 1.12 dg 1.05
#140 (32.41 fps) exp 9967.00 ag 1.12 dg 1.05
#141 (32.40 fps) exp 9967.00 ag 1.12 dg 1.05
#142 (32.41 fps) exp 9967.00 ag 1.12 dg 1.05
#143 (32.41 fps) exp 9967.00 ag 1.12 dg 1.05
#144 (32.41 fps) exp 9967.00 ag 1.12 dg 1.05
#145 (32.41 fps) exp 9967.00 ag 1.12 dg 1.05
#146 (32.41 fps) exp 9967.00 ag 1.12 dg 1.05
#147 (32.41 fps) exp 9967.00 ag 1.12 dg 1.05
#148 (32.41 fps) exp 9967.00 ag 1.12 dg 1.05
#149 (32.40 fps) exp 9967.00 ag 1.12 dg 1.05
#150 (32.41 fps) exp 9967.00 ag 1.12 dg 1.05
#151 (32.41 fps) exp 9967.00 ag 1.12 dg 1.05
#152 (32.40 fps) exp 9967.00 ag 1.12 dg 1.05
#153 (32.41 fps) exp 9967.00 ag 1.12 dg 1.05
#154 (32.40 fps) exp 9967.00 ag 1.12 dg 1.05
#155 (32.41 fps) exp 9967.00 ag 1.12 dg 1.05
#156 (32.41 fps) exp 9967.00 ag 1.12 dg 1.05
#157 (32.41 fps) exp 9967.00 ag 1.12 dg 1.05
#158 (32.41 fps) exp 9967.00 ag 1.12 dg 1.05
Mode selection for 320:256:12:P
    SGBRG10_CSI2P,640x480/0 - Score: 1167.25
    SGBRG10_CSI2P,1296x972/0 - Score: 1454.25
    SGBRG10_CSI2P,1920x1080/0 - Score: 1803.92
    SGBRG10_CSI2P,2592x1944/0 - Score: 2021.25
Stream configuration adjusted
[0:00:33.866934570] [1023] [1;32m INFO [1;37mCamera [1;34mcamera.cpp:1215 [0mconfiguring streams: (0) 320x256-YUV420/sYCC (1) 640x480-SGBRG10_CSI2P/RAW
[0:00:33.869833059] [1034] [1;32m INFO [1;37mRPI [1;34mvc4.cpp:620 [0mSensor: /base/soc/i2c0mux/i2c@1/ov5647@36 - Selected sensor format: 640x480-SGBRG10_1X10/RAW - Selected unicam format: 640x480-pGAA/RAW
Still capture image received
Traceback (most recent call last):
  File "/home/w2cxm/Documents/venv/lib/python3.13/site-packages/serial/serialposix.py", line 322, in open
    self.fd = os.open(self.portstr, os.O_RDWR | os.O_NOCTTY | os.O_NONBLOCK)
              ~~~~~~~^^^^^^^^^^^^^^^^^^^^^^^^^^^^^^^^^^^^^^^^^^^^^^^^^^^^^^^
FileNotFoundError: [Errno 2] No such file or directory: '/dev/ttyACM0'

During handling of the above exception, another exception occurred:

Traceback (most recent call last):
  File "/home/w2cxm/Documents/serialout.py", line 5, in <module>
    ser = serial.Serial('/dev/ttyACM0', 9600)
  File "/home/w2cxm/Documents/venv/lib/python3.13/site-packages/serial/serialutil.py", line 244, in __init__
    self.open()
    ~~~~~~~~~^^
  File "/home/w2cxm/Documents/venv/lib/python3.13/site-packages/serial/serialposix.py", line 325, in open
    raise SerialException(msg.errno, "could not open port {}: {}".format(self._port, msg))
serial.serialutil.SerialException: [Errno 2] could not open port /dev/ttyACM0: [Errno 2] No such file or directory: '/dev/ttyACM0'
Run id
uid=1000(w2cxm) gid=1000(w2cxm) groups=1000(w2cxm),4(adm),20(dialout),24(cdrom),27(sudo),29(audio),44(video),46(plugdev),60(games),100(users),102(netdev),108(lpadmin),986(gpio),988(i2c),989(spi),992(render),996(input)
RAN id
[0:00:30.486370717] [1042] [1;32m INFO [1;37mCamera [1;34mcamera_manager.cpp:340 [0mlibcamera v0.6.0+rpt20251202
[0:00:30.549966863] [1061] [1;32m INFO [1;37mIPAProxy [1;34mipa_proxy.cpp:180 [0mUsing tuning file /usr/share/libcamera/ipa/rpi/vc4/ov5647.json
[0:00:30.566013165] [1061] [1;32m INFO [1;37mCamera [1;34mcamera_manager.cpp:223 [0mAdding camera '/base/soc/i2c0mux/i2c@1/ov5647@36' for pipeline handler rpi/vc4
[0:00:30.566145092] [1061] [1;32m INFO [1;37mRPI [1;34mvc4.cpp:445 [0mRegistered camera /base/soc/i2c0mux/i2c@1/ov5647@36 to Unicam device /dev/media3 and ISP device /dev/media0
[0:00:30.566202800] [1061] [1;32m INFO [1;37mRPI [1;34mpipeline_base.cpp:1111 [0mUsing configuration file '/usr/share/libcamera/pipeline/rpi/vc4/rpi_apps.yaml'
Made X/EGL preview window
Made DRM preview window
Preview window unavailable
Mode selection for 1214:972:12:P
    SGBRG10_CSI2P,640x480/0 - Score: 3163.64
    SGBRG10_CSI2P,1296x972/0 - Score: 1052.14
    SGBRG10_CSI2P,1920x1080/0 - Score: 1401.8
    SGBRG10_CSI2P,2592x1944/0 - Score: 1619.14
Stream configuration adjusted
[0:00:31.308382748] [1042] [1;32m INFO [1;37mCamera [1;34mcamera.cpp:1215 [0mconfiguring streams: (0) 1214x972-YUV420/sYCC (1) 1296x972-SGBRG10_CSI2P/RAW
[0:00:31.309286446] [1061] [1;32m INFO [1;37mRPI [1;34mvc4.cpp:620 [0mSensor: /base/soc/i2c0mux/i2c@1/ov5647@36 - Selected sensor format: 1296x972-SGBRG10_1X10/RAW - Selected unicam format: 1296x972-pGAA/RAW
#10 (0.00 fps) exp 33239.00 ag 8.00 dg 1.00
#11 (32.41 fps) exp 33239.00 ag 8.00 dg 1.00
#12 (32.41 fps) exp 33239.00 ag 8.00 dg 1.00
#13 (32.40 fps) exp 33239.00 ag 8.00 dg 1.00
#14 (32.41 fps) exp 33239.00 ag 8.00 dg 1.00
#15 (32.41 fps) exp 33239.00 ag 8.00 dg 1.00
#16 (32.40 fps) exp 33239.00 ag 8.00 dg 1.00
#17 (32.40 fps) exp 33239.00 ag 8.00 dg 1.00
#18 (32.42 fps) exp 33239.00 ag 8.00 dg 1.00
#19 (32.40 fps) exp 33239.00 ag 8.00 dg 1.00
#20 (32.41 fps) exp 33239.00 ag 8.00 dg 1.00
#21 (32.41 fps) exp 33239.00 ag 8.00 dg 1.00
#22 (32.40 fps) exp 33239.00 ag 8.00 dg 1.00
#23 (32.41 fps) exp 33239.00 ag 8.00 dg 1.00
#24 (32.41 fps) exp 33239.00 ag 8.00 dg 1.00
#25 (32.40 fps) exp 33239.00 ag 8.00 dg 1.00
#26 (32.41 fps) exp 33239.00 ag 8.00 dg 1.00
#27 (32.41 fps) exp 33239.00 ag 8.00 dg 1.00
#28 (32.41 fps) exp 33239.00 ag 8.00 dg 1.00
#29 (32.39 fps) exp 33239.00 ag 8.00 dg 1.00
#30 (32.41 fps) exp 33239.00 ag 8.00 dg 1.00
#31 (32.40 fps) exp 33239.00 ag 8.00 dg 1.00
#32 (32.40 fps) exp 33239.00 ag 8.00 dg 1.00
#33 (32.41 fps) exp 33239.00 ag 8.00 dg 1.00
#34 (32.40 fps) exp 33239.00 ag 8.00 dg 1.00
#35 (32.42 fps) exp 33239.00 ag 8.00 dg 1.00
#36 (32.41 fps) exp 33239.00 ag 8.00 dg 1.00
#37 (32.40 fps) exp 33239.00 ag 8.00 dg 1.00
#38 (32.40 fps) exp 33239.00 ag 8.00 dg 1.00
#39 (32.42 fps) exp 33239.00 ag 8.00 dg 1.00
#40 (32.41 fps) exp 33239.00 ag 8.00 dg 1.00
#41 (32.41 fps) exp 33239.00 ag 8.00 dg 1.00
#42 (32.41 fps) exp 33239.00 ag 8.00 dg 1.00
#43 (32.41 fps) exp 33239.00 ag 8.00 dg 1.00
#44 (32.41 fps) exp 33239.00 ag 8.00 dg 1.00
#45 (32.41 fps) exp 33239.00 ag 8.00 dg 1.00
#46 (32.41 fps) exp 33239.00 ag 8.00 dg 1.00
#47 (32.41 fps) exp 33239.00 ag 8.00 dg 1.00
#48 (32.41 fps) exp 33239.00 ag 8.00 dg 1.00
#49 (32.40 fps) exp 33239.00 ag 8.00 dg 1.00
#50 (32.41 fps) exp 33239.00 ag 8.00 dg 1.00
#51 (32.40 fps) exp 33239.00 ag 8.00 dg 1.00
#52 (32.41 fps) exp 33239.00 ag 8.00 dg 1.00
#53 (32.41 fps) exp 33239.00 ag 8.00 dg 1.00
#54 (32.41 fps) exp 33239.00 ag 8.00 dg 1.00
#55 (32.41 fps) exp 33239.00 ag 8.00 dg 1.00
#56 (32.41 fps) exp 33239.00 ag 8.00 dg 1.00
#57 (32.41 fps) exp 33239.00 ag 8.00 dg 1.00
#58 (32.40 fps) exp 33239.00 ag 8.00 dg 1.00
#59 (32.41 fps) exp 33239.00 ag 8.00 dg 1.00
#60 (32.40 fps) exp 33239.00 ag 8.00 dg 1.00
#61 (32.41 fps) exp 33239.00 ag 8.00 dg 1.00
#62 (32.40 fps) exp 33239.00 ag 8.00 dg 1.00
#63 (32.41 fps) exp 33239.00 ag 8.00 dg 1.00
#64 (32.41 fps) exp 33239.00 ag 8.00 dg 1.00
#65 (32.40 fps) exp 33239.00 ag 8.00 dg 1.00
#66 (32.41 fps) exp 33239.00 ag 8.00 dg 1.00
#67 (32.40 fps) exp 33239.00 ag 8.00 dg 1.00
#68 (32.41 fps) exp 33239.00 ag 8.00 dg 1.00
#69 (32.41 fps) exp 33239.00 ag 8.00 dg 1.00
#70 (32.41 fps) exp 33239.00 ag 8.00 dg 1.00
#71 (32.41 fps) exp 33239.00 ag 8.00 dg 1.00
#72 (32.41 fps) exp 33239.00 ag 8.00 dg 1.00
#73 (32.40 fps) exp 33239.00 ag 8.00 dg 1.00
#74 (32.41 fps) exp 33239.00 ag 8.00 dg 1.00
#75 (32.41 fps) exp 33239.00 ag 8.00 dg 1.00
#76 (32.40 fps) exp 33239.00 ag 8.00 dg 1.00
#77 (32.41 fps) exp 33239.00 ag 8.00 dg 1.00
#78 (32.41 fps) exp 33239.00 ag 8.00 dg 1.00
#79 (32.40 fps) exp 33239.00 ag 8.00 dg 1.00
#80 (32.41 fps) exp 33239.00 ag 8.00 dg 1.00
#81 (32.40 fps) exp 33239.00 ag 8.00 dg 1.00
#82 (32.41 fps) exp 33239.00 ag 8.00 dg 1.00
#83 (32.40 fps) exp 33239.00 ag 8.00 dg 1.00
#84 (32.41 fps) exp 33239.00 ag 8.00 dg 1.00
#85 (32.42 fps) exp 33239.00 ag 8.00 dg 1.00
#86 (32.41 fps) exp 33239.00 ag 8.00 dg 1.00
#87 (32.40 fps) exp 33239.00 ag 8.00 dg 1.00
#88 (32.41 fps) exp 33239.00 ag 8.00 dg 1.00
#89 (32.40 fps) exp 33239.00 ag 8.00 dg 1.00
#90 (32.41 fps) exp 33239.00 ag 8.00 dg 1.00
#91 (32.41 fps) exp 33239.00 ag 8.00 dg 1.00
#92 (32.41 fps) exp 33239.00 ag 8.00 dg 1.00
#93 (32.40 fps) exp 33239.00 ag 8.00 dg 1.00
#94 (32.41 fps) exp 33239.00 ag 8.00 dg 1.00
#95 (32.41 fps) exp 33239.00 ag 8.00 dg 1.00
#96 (32.41 fps) exp 33239.00 ag 8.00 dg 1.00
#97 (32.41 fps) exp 33239.00 ag 8.00 dg 1.00
#98 (32.41 fps) exp 33239.00 ag 8.00 dg 1.00
#99 (32.41 fps) exp 33239.00 ag 8.00 dg 1.00
#100 (32.41 fps) exp 33239.00 ag 8.00 dg 1.00
#101 (32.37 fps) exp 33239.00 ag 8.00 dg 1.00
#102 (32.44 fps) exp 33239.00 ag 8.00 dg 1.00
#103 (32.40 fps) exp 33239.00 ag 8.00 dg 1.00
#104 (32.42 fps) exp 33239.00 ag 8.00 dg 1.00
#105 (32.41 fps) exp 33239.00 ag 8.00 dg 1.00
#106 (32.41 fps) exp 33239.00 ag 8.00 dg 1.00
#107 (32.40 fps) exp 33239.00 ag 8.00 dg 1.00
#108 (32.40 fps) exp 33239.00 ag 8.00 dg 1.00
#109 (32.41 fps) exp 33239.00 ag 8.00 dg 1.00
#110 (32.41 fps) exp 33239.00 ag 8.00 dg 1.00
#111 (32.41 fps) exp 33239.00 ag 8.00 dg 1.00
#112 (32.40 fps) exp 33239.00 ag 8.00 dg 1.00
#113 (32.41 fps) exp 33239.00 ag 8.00 dg 1.00
#114 (32.41 fps) exp 33239.00 ag 8.00 dg 1.00
#115 (32.40 fps) exp 33239.00 ag 8.00 dg 1.00
#116 (32.41 fps) exp 33239.00 ag 8.00 dg 1.00
#117 (32.41 fps) exp 33239.00 ag 8.00 dg 1.00
#118 (32.41 fps) exp 33239.00 ag 8.00 dg 1.00
#119 (32.41 fps) exp 33239.00 ag 8.00 dg 1.00
#120 (32.41 fps) exp 33239.00 ag 8.00 dg 1.00
#121 (32.41 fps) exp 33239.00 ag 8.00 dg 1.00
#122 (32.40 fps) exp 33239.00 ag 8.00 dg 1.00
#123 (32.40 fps) exp 33239.00 ag 8.00 dg 1.00
#124 (32.41 fps) exp 33239.00 ag 8.00 dg 1.00
#125 (32.41 fps) exp 33239.00 ag 8.00 dg 1.00
#126 (32.41 fps) exp 33239.00 ag 8.00 dg 1.00
#127 (32.41 fps) exp 33239.00 ag 8.00 dg 1.00
#128 (32.40 fps) exp 33239.00 ag 8.00 dg 1.00
#129 (32.41 fps) exp 33239.00 ag 8.00 dg 1.00
#130 (32.40 fps) exp 33239.00 ag 8.00 dg 1.00
#131 (32.41 fps) exp 33239.00 ag 8.00 dg 1.00
#132 (32.41 fps) exp 33239.00 ag 8.00 dg 1.00
#133 (32.40 fps) exp 33239.00 ag 8.00 dg 1.00
#134 (32.41 fps) exp 33239.00 ag 8.00 dg 1.00
#135 (32.41 fps) exp 33239.00 ag 8.00 dg 1.00
#136 (32.41 fps) exp 33239.00 ag 8.00 dg 1.00
#137 (32.40 fps) exp 33239.00 ag 8.00 dg 1.00
#138 (32.41 fps) exp 33239.00 ag 8.00 dg 1.00
#139 (32.41 fps) exp 33239.00 ag 8.00 dg 1.00
#140 (32.41 fps) exp 33239.00 ag 8.00 dg 1.00
#141 (32.41 fps) exp 33239.00 ag 8.00 dg 1.00
#142 (32.41 fps) exp 33239.00 ag 8.00 dg 1.00
#143 (32.40 fps) exp 33239.00 ag 8.00 dg 1.00
#144 (32.41 fps) exp 33239.00 ag 8.00 dg 1.00
#145 (32.40 fps) exp 33239.00 ag 8.00 dg 1.00
#146 (32.43 fps) exp 33239.00 ag 8.00 dg 1.00
#147 (32.41 fps) exp 33239.00 ag 8.00 dg 1.00
#148 (32.40 fps) exp 33239.00 ag 8.00 dg 1.00
#149 (32.39 fps) exp 33239.00 ag 8.00 dg 1.00
#150 (32.41 fps) exp 33239.00 ag 8.00 dg 1.00
#151 (32.42 fps) exp 33239.00 ag 8.00 dg 1.00
#152 (32.40 fps) exp 33239.00 ag 8.00 dg 1.00
#153 (32.40 fps) exp 33239.00 ag 8.00 dg 1.00
#154 (32.41 fps) exp 33239.00 ag 8.00 dg 1.00
#155 (32.40 fps) exp 33239.00 ag 8.00 dg 1.00
#156 (32.42 fps) exp 33239.00 ag 8.00 dg 1.00
#157 (32.39 fps) exp 33239.00 ag 8.00 dg 1.00
Mode selection for 320:256:12:P
    SGBRG10_CSI2P,640x480/0 - Score: 1167.25
    SGBRG10_CSI2P,1296x972/0 - Score: 1454.25
    SGBRG10_CSI2P,1920x1080/0 - Score: 1803.92
    SGBRG10_CSI2P,2592x1944/0 - Score: 2021.25
Stream configuration adjusted
[0:00:36.414869413] [1042] [1;32m INFO [1;37mCamera [1;34mcamera.cpp:1215 [0mconfiguring streams: (0) 320x256-YUV420/sYCC (1) 640x480-SGBRG10_CSI2P/RAW
[0:00:36.419486913] [1061] [1;32m INFO [1;37mRPI [1;34mvc4.cpp:620 [0mSensor: /base/soc/i2c0mux/i2c@1/ov5647@36 - Selected sensor format: 640x480-SGBRG10_1X10/RAW - Selected unicam format: 640x480-pGAA/RAW
Still capture image received
Playing WAVE 'sstv.wav' : Signed 16 bit Little Endian, Rate 48000 Hz, Mono
Run id
uid=1000(w2cxm) gid=1000(w2cxm) groups=1000(w2cxm),4(adm),20(dialout),24(cdrom),27(sudo),29(audio),44(video),46(plugdev),60(games),100(users),102(netdev),108(lpadmin),986(gpio),988(i2c),989(spi),992(render),996(input)
RAN id
[0:00:29.662826029] [1042] [1;32m INFO [1;37mCamera [1;34mcamera_manager.cpp:340 [0mlibcamera v0.6.0+rpt20251202
[0:00:29.721661862] [1055] [1;32m INFO [1;37mIPAProxy [1;34mipa_proxy.cpp:180 [0mUsing tuning file /usr/share/libcamera/ipa/rpi/vc4/ov5647.json
[0:00:29.737239831] [1055] [1;32m INFO [1;37mCamera [1;34mcamera_manager.cpp:223 [0mAdding camera '/base/soc/i2c0mux/i2c@1/ov5647@36' for pipeline handler rpi/vc4
[0:00:29.737368842] [1055] [1;32m INFO [1;37mRPI [1;34mvc4.cpp:445 [0mRegistered camera /base/soc/i2c0mux/i2c@1/ov5647@36 to Unicam device /dev/media3 and ISP device /dev/media0
[0:00:29.737434883] [1055] [1;32m INFO [1;37mRPI [1;34mpipeline_base.cpp:1111 [0mUsing configuration file '/usr/share/libcamera/pipeline/rpi/vc4/rpi_apps.yaml'
Made X/EGL preview window
Made DRM preview window
Preview window unavailable
Mode selection for 1214:972:12:P
    SGBRG10_CSI2P,640x480/0 - Score: 3163.64
    SGBRG10_CSI2P,1296x972/0 - Score: 1052.14
    SGBRG10_CSI2P,1920x1080/0 - Score: 1401.8
    SGBRG10_CSI2P,2592x1944/0 - Score: 1619.14
Stream configuration adjusted
[0:00:30.571210872] [1042] [1;32m INFO [1;37mCamera [1;34mcamera.cpp:1215 [0mconfiguring streams: (0) 1214x972-YUV420/sYCC (1) 1296x972-SGBRG10_CSI2P/RAW
[0:00:30.571993060] [1055] [1;32m INFO [1;37mRPI [1;34mvc4.cpp:620 [0mSensor: /base/soc/i2c0mux/i2c@1/ov5647@36 - Selected sensor format: 1296x972-SGBRG10_1X10/RAW - Selected unicam format: 1296x972-pGAA/RAW
#10 (0.00 fps) exp 33239.00 ag 6.88 dg 1.01
#11 (32.41 fps) exp 33239.00 ag 6.88 dg 1.01
#12 (32.41 fps) exp 33239.00 ag 6.88 dg 1.01
#13 (32.41 fps) exp 33239.00 ag 6.75 dg 1.00
#14 (32.41 fps) exp 33239.00 ag 6.75 dg 1.00
#15 (32.41 fps) exp 33239.00 ag 6.75 dg 1.00
#16 (32.41 fps) exp 33239.00 ag 6.75 dg 1.00
#17 (32.40 fps) exp 33239.00 ag 6.75 dg 1.00
#18 (32.41 fps) exp 33239.00 ag 6.75 dg 1.00
#19 (32.41 fps) exp 33239.00 ag 6.75 dg 1.00
#20 (32.41 fps) exp 33239.00 ag 6.75 dg 1.00
#21 (32.40 fps) exp 33239.00 ag 6.75 dg 1.00
#22 (32.41 fps) exp 33239.00 ag 6.75 dg 1.00
#23 (32.40 fps) exp 33239.00 ag 6.75 dg 1.00
#24 (32.41 fps) exp 33239.00 ag 6.75 dg 1.00
#25 (32.40 fps) exp 33239.00 ag 6.75 dg 1.00
#26 (32.41 fps) exp 33239.00 ag 6.75 dg 1.00
#27 (32.41 fps) exp 33239.00 ag 6.75 dg 1.00
#28 (32.41 fps) exp 33239.00 ag 6.75 dg 1.00
#29 (32.41 fps) exp 33239.00 ag 6.75 dg 1.00
#30 (32.41 fps) exp 33239.00 ag 6.75 dg 1.00
#31 (32.41 fps) exp 33239.00 ag 6.75 dg 1.00
#32 (32.41 fps) exp 33239.00 ag 6.75 dg 1.00
#33 (32.41 fps) exp 33239.00 ag 6.75 dg 1.00
#34 (32.40 fps) exp 33239.00 ag 6.75 dg 1.00
#35 (32.40 fps) exp 33239.00 ag 6.75 dg 1.00
#36 (32.41 fps) exp 33239.00 ag 6.75 dg 1.00
#37 (32.40 fps) exp 33239.00 ag 6.75 dg 1.00
#38 (32.41 fps) exp 33239.00 ag 6.75 dg 1.00
#39 (32.39 fps) exp 33239.00 ag 6.75 dg 1.00
#40 (32.41 fps) exp 33239.00 ag 6.75 dg 1.00
#41 (32.41 fps) exp 33239.00 ag 6.75 dg 1.00
#42 (32.42 fps) exp 33239.00 ag 6.75 dg 1.00
#43 (32.40 fps) exp 33239.00 ag 6.75 dg 1.00
#44 (32.41 fps) exp 33239.00 ag 6.75 dg 1.00
#45 (32.42 fps) exp 33239.00 ag 6.75 dg 1.00
#46 (32.41 fps) exp 33239.00 ag 6.75 dg 1.00
#47 (32.41 fps) exp 33239.00 ag 6.75 dg 1.00
#48 (32.40 fps) exp 33239.00 ag 6.75 dg 1.00
#49 (32.41 fps) exp 33239.00 ag 6.75 dg 1.00
#50 (32.41 fps) exp 33239.00 ag 6.75 dg 1.00
#51 (32.41 fps) exp 33239.00 ag 6.75 dg 1.00
#52 (32.41 fps) exp 33239.00 ag 6.75 dg 1.00
#53 (32.40 fps) exp 33239.00 ag 6.75 dg 1.00
#54 (32.41 fps) exp 33239.00 ag 6.75 dg 1.00
#55 (32.41 fps) exp 33239.00 ag 6.75 dg 1.00
#56 (32.41 fps) exp 33239.00 ag 6.75 dg 1.00
#57 (32.40 fps) exp 33239.00 ag 6.75 dg 1.00
#58 (32.42 fps) exp 33239.00 ag 6.75 dg 1.00
#59 (32.41 fps) exp 33239.00 ag 6.75 dg 1.00
#60 (32.41 fps) exp 33239.00 ag 6.75 dg 1.00
#61 (32.41 fps) exp 33239.00 ag 6.75 dg 1.00
#62 (32.41 fps) exp 33239.00 ag 6.75 dg 1.00
#63 (32.41 fps) exp 33239.00 ag 6.75 dg 1.00
#64 (32.41 fps) exp 33239.00 ag 6.75 dg 1.00
#65 (32.40 fps) exp 33239.00 ag 6.75 dg 1.00
#66 (32.41 fps) exp 33239.00 ag 6.75 dg 1.00
#67 (32.40 fps) exp 33239.00 ag 6.75 dg 1.00
#68 (32.41 fps) exp 33239.00 ag 6.75 dg 1.00
#69 (32.41 fps) exp 33239.00 ag 6.75 dg 1.00
#70 (32.41 fps) exp 33239.00 ag 6.75 dg 1.00
#71 (32.41 fps) exp 33239.00 ag 6.75 dg 1.00
#72 (32.40 fps) exp 33239.00 ag 6.75 dg 1.00
#73 (32.41 fps) exp 33239.00 ag 6.75 dg 1.00
#74 (32.40 fps) exp 33239.00 ag 6.75 dg 1.00
#75 (32.40 fps) exp 33239.00 ag 6.75 dg 1.00
#76 (32.41 fps) exp 33239.00 ag 6.75 dg 1.00
#77 (32.41 fps) exp 33239.00 ag 6.75 dg 1.00
#78 (32.39 fps) exp 33239.00 ag 6.75 dg 1.00
#79 (32.43 fps) exp 33239.00 ag 6.75 dg 1.00
#80 (32.41 fps) exp 33239.00 ag 6.75 dg 1.00
#81 (32.40 fps) exp 33239.00 ag 6.75 dg 1.00
#82 (32.40 fps) exp 33239.00 ag 6.75 dg 1.00
#83 (32.41 fps) exp 33239.00 ag 6.75 dg 1.00
#84 (32.40 fps) exp 33239.00 ag 6.75 dg 1.00
#85 (32.41 fps) exp 33239.00 ag 6.75 dg 1.00
#86 (32.41 fps) exp 33239.00 ag 6.75 dg 1.00
#87 (32.41 fps) exp 33239.00 ag 6.75 dg 1.00
#88 (32.40 fps) exp 33239.00 ag 6.75 dg 1.00
#89 (32.41 fps) exp 33239.00 ag 6.75 dg 1.00
#90 (32.41 fps) exp 33239.00 ag 6.75 dg 1.00
#91 (32.40 fps) exp 33239.00 ag 6.75 dg 1.00
#92 (32.41 fps) exp 33239.00 ag 6.75 dg 1.00
#93 (32.41 fps) exp 33239.00 ag 6.75 dg 1.00
#94 (32.40 fps) exp 33239.00 ag 6.75 dg 1.00
#95 (32.41 fps) exp 33239.00 ag 6.75 dg 1.00
#96 (32.41 fps) exp 33239.00 ag 6.75 dg 1.00
#97 (32.41 fps) exp 33239.00 ag 6.75 dg 1.00
#98 (32.41 fps) exp 33239.00 ag 6.75 dg 1.00
#99 (32.40 fps) exp 33239.00 ag 6.75 dg 1.00
#100 (32.42 fps) exp 33239.00 ag 6.75 dg 1.00
#101 (32.40 fps) exp 33239.00 ag 6.75 dg 1.00
#102 (32.40 fps) exp 33239.00 ag 6.75 dg 1.00
#103 (32.41 fps) exp 33239.00 ag 6.75 dg 1.00
#104 (32.40 fps) exp 33239.00 ag 6.75 dg 1.00
#105 (32.42 fps) exp 33239.00 ag 6.75 dg 1.00
#106 (32.40 fps) exp 33239.00 ag 6.75 dg 1.00
#107 (32.41 fps) exp 33239.00 ag 6.75 dg 1.00
#108 (32.41 fps) exp 33239.00 ag 6.75 dg 1.00
#109 (32.41 fps) exp 33239.00 ag 6.75 dg 1.00
#110 (32.39 fps) exp 33239.00 ag 6.75 dg 1.00
#111 (32.42 fps) exp 33239.00 ag 6.75 dg 1.00
#112 (32.41 fps) exp 33239.00 ag 6.75 dg 1.00
#113 (32.40 fps) exp 33239.00 ag 6.75 dg 1.00
#114 (32.41 fps) exp 33239.00 ag 6.75 dg 1.00
#115 (32.41 fps) exp 33239.00 ag 6.75 dg 1.00
#116 (32.40 fps) exp 33239.00 ag 6.75 dg 1.00
#117 (32.41 fps) exp 33239.00 ag 6.75 dg 1.00
#118 (32.41 fps) exp 33239.00 ag 6.75 dg 1.00
#119 (32.41 fps) exp 33239.00 ag 6.75 dg 1.00
#120 (32.40 fps) exp 33239.00 ag 6.75 dg 1.00
#121 (32.33 fps) exp 33239.00 ag 6.75 dg 1.00
#122 (32.48 fps) exp 33239.00 ag 6.75 dg 1.00
#123 (32.41 fps) exp 33239.00 ag 6.75 dg 1.00
#124 (32.41 fps) exp 33239.00 ag 6.75 dg 1.00
#125 (32.40 fps) exp 33239.00 ag 6.75 dg 1.00
#126 (32.40 fps) exp 33239.00 ag 6.75 dg 1.00
#127 (32.41 fps) exp 33239.00 ag 6.75 dg 1.00
#128 (32.41 fps) exp 33239.00 ag 6.75 dg 1.00
#129 (32.41 fps) exp 33239.00 ag 6.75 dg 1.00
#130 (32.40 fps) exp 33239.00 ag 6.75 dg 1.00
#131 (32.40 fps) exp 33239.00 ag 6.75 dg 1.00
#132 (32.40 fps) exp 33239.00 ag 6.75 dg 1.00
#133 (32.41 fps) exp 33239.00 ag 6.75 dg 1.00
#134 (32.41 fps) exp 33239.00 ag 6.75 dg 1.00
#135 (32.41 fps) exp 33239.00 ag 6.75 dg 1.00
#136 (32.41 fps) exp 33239.00 ag 6.75 dg 1.00
#137 (32.41 fps) exp 33239.00 ag 6.75 dg 1.00
#138 (32.40 fps) exp 33239.00 ag 6.75 dg 1.00
#139 (32.41 fps) exp 33239.00 ag 6.75 dg 1.00
#140 (32.41 fps) exp 33239.00 ag 6.75 dg 1.00
#141 (32.40 fps) exp 33239.00 ag 6.75 dg 1.00
#142 (32.41 fps) exp 33239.00 ag 6.75 dg 1.00
#143 (32.41 fps) exp 33239.00 ag 6.75 dg 1.00
#144 (32.40 fps) exp 33239.00 ag 6.75 dg 1.00
#145 (32.41 fps) exp 33239.00 ag 6.75 dg 1.00
#146 (32.41 fps) exp 33239.00 ag 6.75 dg 1.00
#147 (32.41 fps) exp 33239.00 ag 6.75 dg 1.00
#148 (32.41 fps) exp 33239.00 ag 6.75 dg 1.00
#149 (32.40 fps) exp 33239.00 ag 6.75 dg 1.00
#150 (32.41 fps) exp 33239.00 ag 6.75 dg 1.00
#151 (32.41 fps) exp 33239.00 ag 6.75 dg 1.00
#152 (32.39 fps) exp 33239.00 ag 6.75 dg 1.00
#153 (32.43 fps) exp 33239.00 ag 6.75 dg 1.00
#154 (32.40 fps) exp 33239.00 ag 6.75 dg 1.00
#155 (32.41 fps) exp 33239.00 ag 6.75 dg 1.00
#156 (32.38 fps) exp 33239.00 ag 6.75 dg 1.00
#157 (32.42 fps) exp 33239.00 ag 6.75 dg 1.00
#158 (32.40 fps) exp 33239.00 ag 6.75 dg 1.00
Mode selection for 320:256:12:P
    SGBRG10_CSI2P,640x480/0 - Score: 1167.25
    SGBRG10_CSI2P,1296x972/0 - Score: 1454.25
    SGBRG10_CSI2P,1920x1080/0 - Score: 1803.92
    SGBRG10_CSI2P,2592x1944/0 - Score: 2021.25
Stream configuration adjusted
[0:00:35.647522329] [1042] [1;32m INFO [1;37mCamera [1;34mcamera.cpp:1215 [0mconfiguring streams: (0) 320x256-YUV420/sYCC (1) 640x480-SGBRG10_CSI2P/RAW
[0:00:35.651149412] [1055] [1;32m INFO [1;37mRPI [1;34mvc4.cpp:620 [0mSensor: /base/soc/i2c0mux/i2c@1/ov5647@36 - Selected sensor format: 640x480-SGBRG10_1X10/RAW - Selected unicam format: 640x480-pGAA/RAW
Still capture image received
Playing WAVE 'sstv.wav' : Signed 16 bit Little Endian, Rate 48000 Hz, Mono
Run id
uid=1000(w2cxm) gid=1000(w2cxm) groups=1000(w2cxm),4(adm),20(dialout),24(cdrom),27(sudo),29(audio),44(video),46(plugdev),60(games),100(users),102(netdev),108(lpadmin),986(gpio),988(i2c),989(spi),992(render),996(input)
RAN id
[0:00:30.505193061] [1049] [1;32m INFO [1;37mCamera [1;34mcamera_manager.cpp:340 [0mlibcamera v0.6.0+rpt20251202
[0:00:30.561699571] [1057] [1;32m INFO [1;37mIPAProxy [1;34mipa_proxy.cpp:180 [0mUsing tuning file /usr/share/libcamera/ipa/rpi/vc4/ov5647.json
[0:00:30.575691186] [1057] [1;32m INFO [1;37mCamera [1;34mcamera_manager.cpp:223 [0mAdding camera '/base/soc/i2c0mux/i2c@1/ov5647@36' for pipeline handler rpi/vc4
[0:00:30.575809727] [1057] [1;32m INFO [1;37mRPI [1;34mvc4.cpp:445 [0mRegistered camera /base/soc/i2c0mux/i2c@1/ov5647@36 to Unicam device /dev/media3 and ISP device /dev/media0
[0:00:30.575870248] [1057] [1;32m INFO [1;37mRPI [1;34mpipeline_base.cpp:1111 [0mUsing configuration file '/usr/share/libcamera/pipeline/rpi/vc4/rpi_apps.yaml'
Made X/EGL preview window
Made DRM preview window
Preview window unavailable
Mode selection for 1214:972:12:P
    SGBRG10_CSI2P,640x480/0 - Score: 3163.64
    SGBRG10_CSI2P,1296x972/0 - Score: 1052.14
    SGBRG10_CSI2P,1920x1080/0 - Score: 1401.8
    SGBRG10_CSI2P,2592x1944/0 - Score: 1619.14
Stream configuration adjusted
[0:00:31.285019675] [1049] [1;32m INFO [1;37mCamera [1;34mcamera.cpp:1215 [0mconfiguring streams: (0) 1214x972-YUV420/sYCC (1) 1296x972-SGBRG10_CSI2P/RAW
[0:00:31.285732852] [1057] [1;32m INFO [1;37mRPI [1;34mvc4.cpp:620 [0mSensor: /base/soc/i2c0mux/i2c@1/ov5647@36 - Selected sensor format: 1296x972-SGBRG10_1X10/RAW - Selected unicam format: 1296x972-pGAA/RAW
#10 (0.00 fps) exp 33239.00 ag 4.25 dg 1.00
#11 (32.41 fps) exp 33239.00 ag 4.25 dg 1.01
#12 (32.41 fps) exp 33239.00 ag 4.25 dg 1.00
#13 (32.41 fps) exp 33239.00 ag 4.25 dg 1.01
#14 (32.40 fps) exp 33239.00 ag 4.25 dg 1.01
#15 (32.41 fps) exp 33239.00 ag 4.25 dg 1.01
#16 (32.41 fps) exp 33239.00 ag 4.25 dg 1.01
#17 (32.40 fps) exp 33239.00 ag 4.25 dg 1.01
#18 (32.41 fps) exp 33239.00 ag 4.25 dg 1.01
#19 (32.41 fps) exp 33239.00 ag 4.25 dg 1.01
#20 (32.41 fps) exp 33239.00 ag 4.25 dg 1.01
#21 (32.41 fps) exp 33239.00 ag 4.25 dg 1.01
#22 (32.40 fps) exp 33239.00 ag 4.25 dg 1.01
#23 (32.41 fps) exp 33239.00 ag 4.25 dg 1.01
#24 (32.40 fps) exp 33239.00 ag 4.25 dg 1.01
#25 (32.41 fps) exp 33239.00 ag 4.25 dg 1.01
#26 (32.40 fps) exp 33239.00 ag 4.25 dg 1.01
#27 (32.41 fps) exp 33239.00 ag 4.25 dg 1.01
#28 (32.41 fps) exp 33239.00 ag 4.25 dg 1.01
#29 (32.39 fps) exp 33239.00 ag 4.25 dg 1.01
#30 (32.43 fps) exp 33239.00 ag 4.25 dg 1.01
#31 (32.40 fps) exp 33239.00 ag 4.25 dg 1.01
#32 (32.39 fps) exp 33239.00 ag 4.25 dg 1.01
#33 (32.41 fps) exp 33239.00 ag 4.25 dg 1.01
#34 (32.37 fps) exp 33239.00 ag 4.25 dg 1.01
#35 (32.45 fps) exp 33239.00 ag 4.25 dg 1.01
#36 (32.39 fps) exp 33239.00 ag 4.25 dg 1.01
#37 (32.42 fps) exp 33239.00 ag 4.25 dg 1.01
#38 (32.41 fps) exp 33239.00 ag 4.25 dg 1.01
#39 (32.41 fps) exp 33239.00 ag 4.25 dg 1.01
#40 (32.41 fps) exp 33239.00 ag 4.25 dg 1.01
#41 (32.41 fps) exp 33239.00 ag 4.25 dg 1.01
#42 (32.41 fps) exp 33239.00 ag 4.25 dg 1.01
#43 (32.41 fps) exp 33239.00 ag 4.25 dg 1.01
#44 (32.41 fps) exp 33239.00 ag 4.25 dg 1.01
#45 (32.40 fps) exp 33239.00 ag 4.25 dg 1.01
#46 (32.41 fps) exp 33239.00 ag 4.25 dg 1.01
#47 (32.41 fps) exp 33239.00 ag 4.25 dg 1.01
#48 (32.41 fps) exp 33239.00 ag 4.25 dg 1.01
#49 (32.40 fps) exp 33239.00 ag 4.25 dg 1.01
#50 (32.41 fps) exp 33239.00 ag 4.25 dg 1.01
#51 (32.41 fps) exp 33239.00 ag 4.25 dg 1.01
#52 (32.40 fps) exp 33239.00 ag 4.25 dg 1.01
#53 (32.41 fps) exp 33239.00 ag 4.25 dg 1.01
#54 (32.41 fps) exp 33239.00 ag 4.25 dg 1.01
#55 (32.41 fps) exp 33239.00 ag 4.25 dg 1.01
#56 (32.40 fps) exp 33239.00 ag 4.25 dg 1.01
#57 (32.41 fps) exp 33239.00 ag 4.25 dg 1.01
#58 (32.41 fps) exp 33239.00 ag 4.25 dg 1.01
#59 (32.40 fps) exp 33239.00 ag 4.25 dg 1.01
#60 (32.41 fps) exp 33239.00 ag 4.25 dg 1.01
#61 (32.41 fps) exp 33239.00 ag 4.25 dg 1.01
#62 (32.41 fps) exp 33239.00 ag 4.25 dg 1.01
#63 (32.41 fps) exp 33239.00 ag 4.25 dg 1.01
#64 (32.41 fps) exp 33239.00 ag 4.25 dg 1.01
#65 (32.41 fps) exp 33239.00 ag 4.25 dg 1.01
#66 (32.41 fps) exp 33239.00 ag 4.25 dg 1.01
#67 (32.41 fps) exp 33239.00 ag 4.25 dg 1.01
#68 (32.41 fps) exp 33239.00 ag 4.25 dg 1.01
#69 (32.40 fps) exp 33239.00 ag 4.25 dg 1.01
#70 (32.41 fps) exp 33239.00 ag 4.25 dg 1.01
#71 (32.41 fps) exp 33239.00 ag 4.25 dg 1.01
#72 (32.40 fps) exp 33239.00 ag 4.25 dg 1.01
#73 (32.41 fps) exp 33239.00 ag 4.25 dg 1.01
#74 (32.41 fps) exp 33239.00 ag 4.25 dg 1.01
#75 (32.40 fps) exp 33239.00 ag 4.25 dg 1.01
#76 (32.41 fps) exp 33239.00 ag 4.25 dg 1.01
#77 (32.41 fps) exp 33239.00 ag 4.25 dg 1.01
#78 (32.40 fps) exp 33239.00 ag 4.25 dg 1.01
#79 (32.40 fps) exp 33239.00 ag 4.25 dg 1.01
#80 (32.41 fps) exp 33239.00 ag 4.25 dg 1.01
#81 (32.41 fps) exp 33239.00 ag 4.25 dg 1.01
#82 (32.41 fps) exp 33239.00 ag 4.25 dg 1.01
#83 (32.40 fps) exp 33239.00 ag 4.25 dg 1.01
#84 (32.41 fps) exp 33239.00 ag 4.25 dg 1.01
#85 (32.41 fps) exp 33239.00 ag 4.25 dg 1.01
#86 (32.41 fps) exp 33239.00 ag 4.25 dg 1.01
#87 (32.41 fps) exp 33239.00 ag 4.25 dg 1.01
#88 (32.40 fps) exp 33239.00 ag 4.25 dg 1.01
#89 (32.40 fps) exp 33239.00 ag 4.25 dg 1.01
#90 (32.41 fps) exp 33239.00 ag 4.25 dg 1.01
#91 (32.40 fps) exp 33239.00 ag 4.25 dg 1.01
#92 (32.41 fps) exp 33239.00 ag 4.25 dg 1.01
#93 (32.41 fps) exp 33239.00 ag 4.25 dg 1.01
#94 (32.41 fps) exp 33239.00 ag 4.25 dg 1.01
#95 (32.41 fps) exp 33239.00 ag 4.25 dg 1.01
#96 (32.40 fps) exp 33239.00 ag 4.25 dg 1.01
#97 (32.41 fps) exp 33239.00 ag 4.25 dg 1.01
#98 (32.40 fps) exp 33239.00 ag 4.25 dg 1.01
#99 (32.41 fps) exp 33239.00 ag 4.25 dg 1.01
#100 (32.41 fps) exp 33239.00 ag 4.25 dg 1.01
#101 (32.41 fps) exp 33239.00 ag 4.25 dg 1.01
#102 (32.40 fps) exp 33239.00 ag 4.25 dg 1.01
#103 (32.41 fps) exp 33239.00 ag 4.25 dg 1.01
#104 (32.41 fps) exp 33239.00 ag 4.25 dg 1.01
#105 (32.40 fps) exp 33239.00 ag 4.25 dg 1.01
#106 (32.40 fps) exp 33239.00 ag 4.25 dg 1.01
#107 (32.41 fps) exp 33239.00 ag 4.25 dg 1.01
#108 (32.41 fps) exp 33239.00 ag 4.25 dg 1.01
#109 (32.40 fps) exp 33239.00 ag 4.25 dg 1.01
#110 (32.41 fps) exp 33239.00 ag 4.19 dg 1.01
#111 (32.41 fps) exp 33239.00 ag 4.19 dg 1.01
#112 (32.41 fps) exp 33239.00 ag 4.19 dg 1.01
#113 (32.40 fps) exp 33239.00 ag 4.19 dg 1.01
#114 (32.41 fps) exp 33239.00 ag 4.19 dg 1.01
#115 (32.40 fps) exp 33239.00 ag 4.19 dg 1.01
#116 (32.41 fps) exp 33239.00 ag 4.19 dg 1.01
#117 (32.42 fps) exp 33239.00 ag 4.19 dg 1.01
#118 (32.41 fps) exp 33239.00 ag 4.19 dg 1.01
#119 (32.41 fps) exp 33239.00 ag 4.19 dg 1.01
#120 (32.40 fps) exp 33239.00 ag 4.19 dg 1.01
#121 (32.40 fps) exp 33239.00 ag 4.19 dg 1.01
#122 (32.41 fps) exp 33239.00 ag 4.19 dg 1.01
#123 (32.41 fps) exp 33239.00 ag 4.19 dg 1.01
#124 (32.40 fps) exp 33239.00 ag 4.19 dg 1.01
#125 (32.41 fps) exp 33239.00 ag 4.19 dg 1.01
#126 (32.41 fps) exp 33239.00 ag 4.19 dg 1.01
#127 (32.40 fps) exp 33239.00 ag 4.19 dg 1.01
#128 (32.41 fps) exp 33239.00 ag 4.19 dg 1.01
#129 (32.41 fps) exp 33239.00 ag 4.19 dg 1.01
#130 (32.40 fps) exp 33239.00 ag 4.19 dg 1.01
#131 (32.41 fps) exp 33239.00 ag 4.19 dg 1.01
#132 (32.41 fps) exp 33239.00 ag 4.19 dg 1.01
#133 (32.40 fps) exp 33239.00 ag 4.19 dg 1.01
#134 (32.40 fps) exp 33239.00 ag 4.19 dg 1.01
#135 (32.41 fps) exp 33239.00 ag 4.19 dg 1.01
#136 (32.41 fps) exp 33239.00 ag 4.19 dg 1.01
#137 (32.41 fps) exp 33239.00 ag 4.19 dg 1.01
#138 (32.41 fps) exp 33239.00 ag 4.19 dg 1.01
#139 (32.37 fps) exp 33239.00 ag 4.19 dg 1.01
#140 (32.44 fps) exp 33239.00 ag 4.19 dg 1.01
#141 (32.40 fps) exp 33239.00 ag 4.19 dg 1.01
#142 (32.41 fps) exp 33239.00 ag 4.19 dg 1.01
#143 (32.41 fps) exp 33239.00 ag 4.19 dg 1.01
#144 (32.41 fps) exp 33239.00 ag 4.19 dg 1.01
#145 (32.41 fps) exp 33239.00 ag 4.19 dg 1.01
#146 (32.40 fps) exp 33239.00 ag 4.19 dg 1.01
#147 (32.40 fps) exp 33239.00 ag 4.19 dg 1.01
#148 (32.41 fps) exp 33239.00 ag 4.19 dg 1.01
#149 (32.40 fps) exp 33239.00 ag 4.19 dg 1.01
#150 (32.41 fps) exp 33239.00 ag 4.19 dg 1.01
#151 (32.40 fps) exp 33239.00 ag 4.19 dg 1.01
#152 (32.42 fps) exp 33239.00 ag 4.19 dg 1.01
#153 (32.41 fps) exp 33239.00 ag 4.19 dg 1.01
#154 (32.40 fps) exp 33239.00 ag 4.19 dg 1.01
#155 (32.42 fps) exp 33239.00 ag 4.19 dg 1.01
#156 (32.40 fps) exp 33239.00 ag 4.19 dg 1.01
#157 (32.41 fps) exp 33239.00 ag 4.19 dg 1.01
Mode selection for 320:256:12:P
    SGBRG10_CSI2P,640x480/0 - Score: 1167.25
    SGBRG10_CSI2P,1296x972/0 - Score: 1454.25
    SGBRG10_CSI2P,1920x1080/0 - Score: 1803.92
    SGBRG10_CSI2P,2592x1944/0 - Score: 2021.25
Stream configuration adjusted
[0:00:36.382694829] [1049] [1;32m INFO [1;37mCamera [1;34mcamera.cpp:1215 [0mconfiguring streams: (0) 320x256-YUV420/sYCC (1) 640x480-SGBRG10_CSI2P/RAW
[0:00:36.388382538] [1057] [1;32m INFO [1;37mRPI [1;34mvc4.cpp:620 [0mSensor: /base/soc/i2c0mux/i2c@1/ov5647@36 - Selected sensor format: 640x480-SGBRG10_1X10/RAW - Selected unicam format: 640x480-pGAA/RAW
Still capture image received
Playing WAVE 'sstv.wav' : Signed 16 bit Little Endian, Rate 48000 Hz, Mono
Run id
uid=1000(w2cxm) gid=1000(w2cxm) groups=1000(w2cxm),4(adm),20(dialout),24(cdrom),27(sudo),29(audio),44(video),46(plugdev),60(games),100(users),102(netdev),108(lpadmin),986(gpio),988(i2c),989(spi),992(render),996(input)
RAN id
[0:00:30.446038321] [1014] [1;32m INFO [1;37mCamera [1;34mcamera_manager.cpp:340 [0mlibcamera v0.6.0+rpt20251202
Made X/EGL preview window
Made DRM preview window
Preview window unavailable
ERROR: *** no cameras available ***
Image must be at least 320 x 256 pixels for mode MartinM1
Playing WAVE 'sstv.wav' : Signed 16 bit Little Endian, Rate 48000 Hz, Mono
Run id
uid=1000(w2cxm) gid=1000(w2cxm) groups=1000(w2cxm),4(adm),20(dialout),24(cdrom),27(sudo),29(audio),44(video),46(plugdev),60(games),100(users),102(netdev),108(lpadmin),986(gpio),988(i2c),989(spi),992(render),996(input)
RAN id
[0:00:39.546031078] [1002] [1;32m INFO [1;37mCamera [1;34mcamera_manager.cpp:340 [0mlibcamera v0.6.0+rpt20251202
Made X/EGL preview window
Made DRM preview window
Preview window unavailable
ERROR: *** no cameras available ***
Error: Image file not found. Please check the path.
Playing WAVE 'sstv.wav' : Signed 16 bit Little Endian, Rate 48000 Hz, Mono
mv: cannot stat 'latest_raw.jpg': No such file or directory
Run id
uid=1000(w2cxm) gid=1000(w2cxm) groups=1000(w2cxm),4(adm),20(dialout),24(cdrom),27(sudo),29(audio),44(video),46(plugdev),60(games),100(users),102(netdev),108(lpadmin),986(gpio),988(i2c),989(spi),992(render),996(input)
RAN id
[0:00:33.364115976] [1003] [1;32m INFO [1;37mCamera [1;34mcamera_manager.cpp:340 [0mlibcamera v0.6.0+rpt20251202
Made X/EGL preview window
Made DRM preview window
Preview window unavailable
ERROR: *** no cameras available ***
Error: Image file not found. Please check the path.
Playing WAVE 'sstv.wav' : Signed 16 bit Little Endian, Rate 48000 Hz, Mono
mv: cannot stat 'latest_raw.jpg': No such file or directory
Run id
uid=1000(w2cxm) gid=1000(w2cxm) groups=1000(w2cxm),4(adm),20(dialout),24(cdrom),27(sudo),29(audio),44(video),46(plugdev),60(games),100(users),102(netdev),108(lpadmin),986(gpio),988(i2c),989(spi),992(render),996(input)
RAN id
[0:00:41.820504983] [1007] [1;32m INFO [1;37mCamera [1;34mcamera_manager.cpp:340 [0mlibcamera v0.6.0+rpt20251202
Made X/EGL preview window
Made DRM preview window
Preview window unavailable
ERROR: *** no cameras available ***
Error: Image file not found. Please check the path.
Playing WAVE 'sstv.wav' : Signed 16 bit Little Endian, Rate 48000 Hz, Mono
mv: cannot stat 'latest_raw.jpg': No such file or directory
Run id
uid=1000(w2cxm) gid=1000(w2cxm) groups=1000(w2cxm),4(adm),20(dialout),24(cdrom),27(sudo),29(audio),44(video),46(plugdev),60(games),100(users),102(netdev),108(lpadmin),986(gpio),988(i2c),989(spi),992(render),996(input)
RAN id
[0:00:38.082319880] [997] [1;32m INFO [1;37mCamera [1;34mcamera_manager.cpp:340 [0mlibcamera v0.6.0+rpt20251202
Made X/EGL preview window
Made DRM preview window
Preview window unavailable
ERROR: *** no cameras available ***
Error: Image file not found. Please check the path.
Playing WAVE 'sstv.wav' : Signed 16 bit Little Endian, Rate 48000 Hz, Mono
Run id
uid=1000(w2cxm) gid=1000(w2cxm) groups=1000(w2cxm),4(adm),20(dialout),24(cdrom),27(sudo),29(audio),44(video),46(plugdev),60(games),100(users),102(netdev),108(lpadmin),986(gpio),988(i2c),989(spi),992(render),996(input)
RAN id
[0:00:32.079357070] [1000] [1;32m INFO [1;37mCamera [1;34mcamera_manager.cpp:340 [0mlibcamera v0.6.0+rpt20251202
Made X/EGL preview window
Made DRM preview window
Preview window unavailable
ERROR: *** no cameras available ***
Error: Image file not found. Please check the path.
Traceback (most recent call last):
  File "/home/w2cxm/Documents/venv/lib/python3.13/site-packages/serial/serialposix.py", line 322, in open
    self.fd = os.open(self.portstr, os.O_RDWR | os.O_NOCTTY | os.O_NONBLOCK)
              ~~~~~~~^^^^^^^^^^^^^^^^^^^^^^^^^^^^^^^^^^^^^^^^^^^^^^^^^^^^^^^
FileNotFoundError: [Errno 2] No such file or directory: '/dev/ttyACM0'

During handling of the above exception, another exception occurred:

Traceback (most recent call last):
  File "/home/w2cxm/Documents/serialout.py", line 5, in <module>
    ser = serial.Serial('/dev/ttyACM0', 9600)
  File "/home/w2cxm/Documents/venv/lib/python3.13/site-packages/serial/serialutil.py", line 244, in __init__
    self.open()
    ~~~~~~~~~^^
  File "/home/w2cxm/Documents/venv/lib/python3.13/site-packages/serial/serialposix.py", line 325, in open
    raise SerialException(msg.errno, "could not open port {}: {}".format(self._port, msg))
serial.serialutil.SerialException: [Errno 2] could not open port /dev/ttyACM0: [Errno 2] No such file or directory: '/dev/ttyACM0'
mv: cannot stat 'latest_raw.jpg': No such file or directory
Run id
uid=1000(w2cxm) gid=1000(w2cxm) groups=1000(w2cxm),4(adm),20(dialout),24(cdrom),27(sudo),29(audio),44(video),46(plugdev),60(games),100(users),102(netdev),108(lpadmin),986(gpio),988(i2c),989(spi),992(render),996(input)
RAN id
[0:00:31.453092330] [1002] [1;32m INFO [1;37mCamera [1;34mcamera_manager.cpp:340 [0mlibcamera v0.6.0+rpt20251202
Made X/EGL preview window
Made DRM preview window
Preview window unavailable
ERROR: *** no cameras available ***
Error: Image file not found. Please check the path.
ALSA lib confmisc.c:165:(snd_config_get_card) Cannot get card index for 2
aplay: main:850: audio open error: No such file or directory
mv: cannot stat 'latest_raw.jpg': No such file or directory
Run id
uid=1000(w2cxm) gid=1000(w2cxm) groups=1000(w2cxm),4(adm),20(dialout),24(cdrom),27(sudo),29(audio),44(video),46(plugdev),60(games),100(users),102(netdev),108(lpadmin),986(gpio),988(i2c),989(spi),992(render),996(input)
RAN id
[0:00:33.397498944] [1042] [1;32m INFO [1;37mCamera [1;34mcamera_manager.cpp:340 [0mlibcamera v0.6.0+rpt20251202
[0:00:33.457413371] [1051] [1;32m INFO [1;37mIPAProxy [1;34mipa_proxy.cpp:180 [0mUsing tuning file /usr/share/libcamera/ipa/rpi/vc4/imx219.json
[0:00:33.471985715] [1051] [1;32m INFO [1;37mCamera [1;34mcamera_manager.cpp:223 [0mAdding camera '/base/soc/i2c0mux/i2c@1/imx219@10' for pipeline handler rpi/vc4
[0:00:33.472090663] [1051] [1;32m INFO [1;37mRPI [1;34mvc4.cpp:445 [0mRegistered camera /base/soc/i2c0mux/i2c@1/imx219@10 to Unicam device /dev/media3 and ISP device /dev/media0
[0:00:33.472148007] [1051] [1;32m INFO [1;37mRPI [1;34mpipeline_base.cpp:1111 [0mUsing configuration file '/usr/share/libcamera/pipeline/rpi/vc4/rpi_apps.yaml'
Made X/EGL preview window
Made DRM preview window
Preview window unavailable
Mode selection for 1540:1232:12:P
    SRGGB10_CSI2P,640x480/0 - Score: 4335.25
    SRGGB10_CSI2P,1640x1232/0 - Score: 1055.44
    SRGGB10_CSI2P,1920x1080/0 - Score: 1596.92
    SRGGB10_CSI2P,3280x2464/0 - Score: 1773.44
    SRGGB8,640x480/0 - Score: 5335.25
    SRGGB8,1640x1232/0 - Score: 2055.44
    SRGGB8,1920x1080/0 - Score: 2596.92
    SRGGB8,3280x2464/0 - Score: 2773.44
[0:00:34.482476913] [1042] [1;32m INFO [1;37mCamera [1;34mcamera.cpp:1215 [0mconfiguring streams: (0) 1540x1232-YUV420/sYCC (1) 1640x1232-SBGGR10_CSI2P/RAW
[0:00:34.483026183] [1051] [1;32m INFO [1;37mRPI [1;34mvc4.cpp:620 [0mSensor: /base/soc/i2c0mux/i2c@1/imx219@10 - Selected sensor format: 1640x1232-SBGGR10_1X10/RAW - Selected unicam format: 1640x1232-pBAA/RAW
#7 (0.00 fps) exp 31455.00 ag 4.00 dg 1.00
#8 (30.00 fps) exp 33251.00 ag 5.22 dg 1.01
#9 (30.00 fps) exp 33251.00 ag 5.22 dg 1.01
#10 (30.02 fps) exp 33251.00 ag 5.22 dg 1.01
#11 (30.01 fps) exp 33251.00 ag 5.22 dg 1.01
#12 (30.00 fps) exp 33251.00 ag 5.22 dg 1.01
#13 (30.00 fps) exp 33251.00 ag 5.22 dg 1.01
#14 (30.01 fps) exp 33251.00 ag 5.22 dg 1.01
#15 (30.01 fps) exp 33251.00 ag 5.22 dg 1.01
#16 (30.00 fps) exp 33251.00 ag 5.22 dg 1.01
#17 (30.01 fps) exp 33251.00 ag 5.22 dg 1.01
#18 (30.00 fps) exp 33251.00 ag 5.22 dg 1.01
#19 (29.99 fps) exp 33251.00 ag 5.22 dg 1.01
#20 (30.00 fps) exp 33251.00 ag 5.22 dg 1.01
#21 (30.01 fps) exp 33251.00 ag 5.22 dg 1.01
#22 (30.01 fps) exp 33251.00 ag 5.22 dg 1.01
#23 (30.00 fps) exp 33251.00 ag 5.22 dg 1.01
#24 (30.01 fps) exp 33251.00 ag 5.22 dg 1.01
#25 (29.99 fps) exp 33251.00 ag 5.22 dg 1.01
#26 (30.01 fps) exp 33251.00 ag 5.22 dg 1.01
#27 (30.00 fps) exp 33251.00 ag 5.22 dg 1.01
#28 (30.01 fps) exp 33251.00 ag 5.22 dg 1.01
#29 (30.01 fps) exp 33251.00 ag 5.22 dg 1.01
#30 (30.00 fps) exp 33251.00 ag 5.22 dg 1.01
#31 (30.01 fps) exp 33251.00 ag 5.22 dg 1.01
#32 (30.00 fps) exp 33251.00 ag 5.22 dg 1.01
#33 (30.01 fps) exp 33251.00 ag 5.22 dg 1.01
#34 (30.00 fps) exp 33251.00 ag 5.22 dg 1.01
#35 (30.01 fps) exp 33251.00 ag 5.22 dg 1.01
#36 (30.00 fps) exp 33251.00 ag 5.22 dg 1.01
#37 (30.01 fps) exp 33251.00 ag 5.22 dg 1.01
#38 (30.01 fps) exp 33251.00 ag 5.22 dg 1.01
#39 (29.99 fps) exp 33251.00 ag 5.22 dg 1.01
#40 (30.01 fps) exp 33251.00 ag 5.22 dg 1.01
#41 (30.00 fps) exp 33251.00 ag 5.22 dg 1.01
#42 (30.01 fps) exp 33251.00 ag 5.22 dg 1.01
#43 (30.01 fps) exp 33251.00 ag 5.22 dg 1.01
#44 (30.01 fps) exp 33251.00 ag 5.22 dg 1.01
#45 (30.00 fps) exp 33251.00 ag 5.22 dg 1.01
#46 (30.01 fps) exp 33251.00 ag 5.22 dg 1.01
#47 (30.00 fps) exp 33251.00 ag 5.22 dg 1.01
#48 (30.00 fps) exp 33251.00 ag 5.22 dg 1.01
#49 (30.00 fps) exp 33251.00 ag 5.22 dg 1.01
#50 (30.01 fps) exp 33251.00 ag 5.22 dg 1.01
#51 (30.01 fps) exp 33251.00 ag 5.22 dg 1.01
#52 (30.00 fps) exp 33251.00 ag 5.22 dg 1.01
#53 (30.01 fps) exp 33251.00 ag 5.22 dg 1.01
#54 (30.00 fps) exp 33251.00 ag 5.22 dg 1.01
#55 (30.01 fps) exp 33251.00 ag 5.22 dg 1.01
#56 (30.00 fps) exp 33251.00 ag 5.22 dg 1.01
#57 (30.00 fps) exp 33251.00 ag 5.22 dg 1.01
#58 (30.01 fps) exp 33251.00 ag 5.22 dg 1.01
#59 (30.00 fps) exp 33251.00 ag 5.22 dg 1.01
#60 (30.00 fps) exp 33251.00 ag 5.22 dg 1.01
#61 (30.01 fps) exp 33251.00 ag 5.22 dg 1.01
#62 (30.00 fps) exp 33251.00 ag 5.22 dg 1.01
#63 (30.00 fps) exp 33251.00 ag 5.22 dg 1.01
#64 (30.01 fps) exp 33251.00 ag 5.22 dg 1.01
#65 (30.00 fps) exp 33251.00 ag 5.22 dg 1.01
#66 (30.00 fps) exp 33251.00 ag 5.22 dg 1.01
#67 (30.01 fps) exp 33251.00 ag 5.22 dg 1.01
#68 (30.00 fps) exp 33251.00 ag 5.22 dg 1.01
#69 (30.01 fps) exp 33251.00 ag 5.22 dg 1.01
#70 (30.00 fps) exp 33251.00 ag 5.22 dg 1.01
#71 (30.01 fps) exp 33251.00 ag 5.22 dg 1.01
#72 (30.01 fps) exp 33251.00 ag 5.22 dg 1.01
#73 (30.01 fps) exp 33251.00 ag 5.22 dg 1.01
#74 (30.00 fps) exp 33251.00 ag 5.22 dg 1.01
#75 (30.01 fps) exp 33251.00 ag 5.22 dg 1.01
#76 (30.00 fps) exp 33251.00 ag 5.22 dg 1.01
#77 (30.01 fps) exp 33251.00 ag 5.22 dg 1.01
#78 (30.01 fps) exp 33251.00 ag 5.22 dg 1.01
#79 (29.98 fps) exp 33251.00 ag 5.22 dg 1.01
#80 (30.02 fps) exp 33251.00 ag 5.22 dg 1.01
#81 (30.01 fps) exp 33251.00 ag 5.22 dg 1.01
#82 (30.01 fps) exp 33251.00 ag 5.22 dg 1.01
#83 (30.00 fps) exp 33251.00 ag 5.22 dg 1.01
#84 (30.00 fps) exp 33251.00 ag 5.22 dg 1.01
#85 (30.01 fps) exp 33251.00 ag 5.22 dg 1.01
#86 (30.01 fps) exp 33251.00 ag 5.22 dg 1.01
#87 (30.00 fps) exp 33251.00 ag 5.22 dg 1.01
#88 (30.01 fps) exp 33251.00 ag 5.22 dg 1.01
#89 (30.00 fps) exp 33251.00 ag 5.22 dg 1.01
#90 (30.00 fps) exp 33251.00 ag 5.22 dg 1.01
#91 (30.00 fps) exp 33251.00 ag 5.22 dg 1.01
#92 (30.01 fps) exp 33251.00 ag 5.22 dg 1.01
#93 (30.00 fps) exp 33251.00 ag 5.22 dg 1.01
#94 (30.01 fps) exp 33251.00 ag 5.22 dg 1.01
#95 (30.01 fps) exp 33251.00 ag 5.22 dg 1.01
#96 (30.00 fps) exp 33251.00 ag 5.22 dg 1.01
#97 (30.00 fps) exp 33251.00 ag 5.22 dg 1.01
#98 (30.01 fps) exp 33251.00 ag 5.22 dg 1.01
#99 (30.00 fps) exp 33251.00 ag 5.22 dg 1.01
#100 (30.01 fps) exp 33251.00 ag 5.22 dg 1.01
#101 (30.01 fps) exp 33251.00 ag 5.22 dg 1.01
#102 (30.00 fps) exp 33251.00 ag 5.22 dg 1.01
#103 (29.99 fps) exp 33251.00 ag 5.22 dg 1.01
#104 (30.02 fps) exp 33251.00 ag 5.22 dg 1.01
#105 (30.00 fps) exp 33251.00 ag 5.22 dg 1.01
#106 (30.01 fps) exp 33251.00 ag 5.22 dg 1.01
#107 (30.01 fps) exp 33251.00 ag 5.22 dg 1.01
#108 (30.01 fps) exp 33251.00 ag 5.22 dg 1.01
#109 (30.00 fps) exp 33251.00 ag 5.22 dg 1.01
#110 (30.00 fps) exp 33251.00 ag 5.22 dg 1.01
#111 (29.99 fps) exp 33251.00 ag 5.22 dg 1.01
#112 (30.02 fps) exp 33251.00 ag 5.22 dg 1.01
#113 (30.01 fps) exp 33251.00 ag 5.22 dg 1.01
#114 (30.00 fps) exp 33251.00 ag 5.22 dg 1.01
#115 (30.01 fps) exp 33251.00 ag 5.22 dg 1.01
#116 (30.01 fps) exp 33251.00 ag 5.22 dg 1.01
#117 (29.99 fps) exp 33251.00 ag 5.22 dg 1.01
#118 (30.01 fps) exp 33251.00 ag 5.22 dg 1.01
#119 (29.99 fps) exp 33251.00 ag 5.22 dg 1.01
#120 (30.03 fps) exp 33251.00 ag 5.22 dg 1.01
#121 (30.00 fps) exp 33251.00 ag 5.22 dg 1.01
#122 (30.01 fps) exp 33251.00 ag 5.22 dg 1.01
#123 (30.00 fps) exp 33251.00 ag 5.22 dg 1.01
#124 (30.01 fps) exp 33251.00 ag 5.22 dg 1.01
#125 (30.01 fps) exp 33251.00 ag 5.22 dg 1.01
#126 (30.00 fps) exp 33251.00 ag 5.22 dg 1.01
#127 (30.01 fps) exp 33251.00 ag 5.22 dg 1.01
#128 (30.00 fps) exp 33251.00 ag 5.22 dg 1.01
#129 (30.00 fps) exp 33251.00 ag 5.22 dg 1.01
#130 (30.01 fps) exp 33251.00 ag 5.22 dg 1.01
#131 (30.00 fps) exp 33251.00 ag 5.22 dg 1.01
#132 (30.00 fps) exp 33251.00 ag 5.22 dg 1.01
#133 (30.02 fps) exp 33251.00 ag 5.22 dg 1.01
#134 (30.00 fps) exp 33251.00 ag 5.22 dg 1.01
#135 (30.01 fps) exp 33251.00 ag 5.22 dg 1.01
#136 (30.00 fps) exp 33251.00 ag 5.22 dg 1.01
#137 (30.01 fps) exp 33251.00 ag 5.22 dg 1.01
#138 (30.00 fps) exp 33251.00 ag 5.22 dg 1.01
#139 (30.01 fps) exp 33251.00 ag 5.22 dg 1.01
#140 (30.00 fps) exp 33251.00 ag 5.22 dg 1.01
#141 (30.00 fps) exp 33251.00 ag 5.22 dg 1.01
#142 (30.01 fps) exp 33251.00 ag 5.22 dg 1.01
#143 (30.01 fps) exp 33251.00 ag 5.22 dg 1.01
#144 (30.01 fps) exp 33251.00 ag 5.22 dg 1.01
#145 (30.01 fps) exp 33251.00 ag 5.22 dg 1.01
#146 (30.00 fps) exp 33251.00 ag 5.22 dg 1.01
#147 (30.00 fps) exp 33251.00 ag 5.22 dg 1.01
Mode selection for 320:256:12:P
    SRGGB10_CSI2P,640x480/0 - Score: 1167.25
    SRGGB10_CSI2P,1640x1232/0 - Score: 1604.44
    SRGGB10_CSI2P,1920x1080/0 - Score: 1803.92
    SRGGB10_CSI2P,3280x2464/0 - Score: 2322.44
    SRGGB8,640x480/0 - Score: 2167.25
    SRGGB8,1640x1232/0 - Score: 2604.44
    SRGGB8,1920x1080/0 - Score: 2803.92
    SRGGB8,3280x2464/0 - Score: 3322.44
[0:00:39.550354202] [1042] [1;32m INFO [1;37mCamera [1;34mcamera.cpp:1215 [0mconfiguring streams: (0) 320x256-YUV420/sYCC (1) 640x480-SBGGR10_CSI2P/RAW
[0:00:39.554674619] [1051] [1;32m INFO [1;37mRPI [1;34mvc4.cpp:620 [0mSensor: /base/soc/i2c0mux/i2c@1/imx219@10 - Selected sensor format: 640x480-SBGGR10_1X10/RAW - Selected unicam format: 640x480-pBAA/RAW
Still capture image received
ALSA lib confmisc.c:165:(snd_config_get_card) Cannot get card index for 2
aplay: main:850: audio open error: No such file or directory
Run id
uid=1000(w2cxm) gid=1000(w2cxm) groups=1000(w2cxm),4(adm),20(dialout),24(cdrom),27(sudo),29(audio),44(video),46(plugdev),60(games),100(users),102(netdev),108(lpadmin),986(gpio),988(i2c),989(spi),992(render),996(input)
RAN id
[0:00:39.413008890] [1024] [1;32m INFO [1;37mCamera [1;34mcamera_manager.cpp:340 [0mlibcamera v0.6.0+rpt20251202
[0:00:39.673874046] [1039] [1;32m INFO [1;37mIPAProxy [1;34mipa_proxy.cpp:180 [0mUsing tuning file /usr/share/libcamera/ipa/rpi/vc4/ov5647.json
[0:00:39.714869619] [1039] [1;32m INFO [1;37mCamera [1;34mcamera_manager.cpp:223 [0mAdding camera '/base/soc/i2c0mux/i2c@1/ov5647@36' for pipeline handler rpi/vc4
[0:00:39.715058421] [1039] [1;32m INFO [1;37mRPI [1;34mvc4.cpp:445 [0mRegistered camera /base/soc/i2c0mux/i2c@1/ov5647@36 to Unicam device /dev/media3 and ISP device /dev/media0
[0:00:39.715182536] [1039] [1;32m INFO [1;37mRPI [1;34mpipeline_base.cpp:1111 [0mUsing configuration file '/usr/share/libcamera/pipeline/rpi/vc4/rpi_apps.yaml'
Made X/EGL preview window
Made DRM preview window
Preview window unavailable
Mode selection for 1214:972:12:P
    SGBRG10_CSI2P,640x480/0 - Score: 3163.64
    SGBRG10_CSI2P,1296x972/0 - Score: 1052.14
    SGBRG10_CSI2P,1920x1080/0 - Score: 1401.8
    SGBRG10_CSI2P,2592x1944/0 - Score: 1619.14
Stream configuration adjusted
[0:00:40.738694723] [1024] [1;32m INFO [1;37mCamera [1;34mcamera.cpp:1215 [0mconfiguring streams: (0) 1214x972-YUV420/sYCC (1) 1296x972-SGBRG10_CSI2P/RAW
[0:00:40.739300504] [1039] [1;32m INFO [1;37mRPI [1;34mvc4.cpp:620 [0mSensor: /base/soc/i2c0mux/i2c@1/ov5647@36 - Selected sensor format: 1296x972-SGBRG10_1X10/RAW - Selected unicam format: 1296x972-pGAA/RAW
#10 (0.00 fps) exp 33239.00 ag 8.00 dg 1.00
#11 (32.40 fps) exp 33239.00 ag 8.00 dg 1.00
#12 (32.41 fps) exp 33239.00 ag 8.00 dg 1.00
#13 (32.40 fps) exp 33239.00 ag 8.00 dg 1.00
#14 (32.41 fps) exp 33239.00 ag 8.00 dg 1.00
#15 (32.40 fps) exp 33239.00 ag 8.00 dg 1.00
#16 (32.41 fps) exp 33239.00 ag 8.00 dg 1.00
#17 (32.41 fps) exp 33239.00 ag 8.00 dg 1.00
#18 (32.41 fps) exp 33239.00 ag 8.00 dg 1.00
#19 (32.40 fps) exp 33239.00 ag 8.00 dg 1.00
#20 (32.40 fps) exp 33239.00 ag 8.00 dg 1.00
#21 (32.40 fps) exp 33239.00 ag 8.00 dg 1.00
#22 (32.41 fps) exp 33239.00 ag 8.00 dg 1.00
#23 (32.41 fps) exp 33239.00 ag 8.00 dg 1.00
#24 (32.41 fps) exp 33239.00 ag 8.00 dg 1.00
#25 (32.40 fps) exp 33239.00 ag 8.00 dg 1.00
#26 (32.41 fps) exp 33239.00 ag 8.00 dg 1.00
#27 (32.41 fps) exp 33239.00 ag 8.00 dg 1.00
#28 (32.41 fps) exp 33239.00 ag 8.00 dg 1.00
#29 (32.40 fps) exp 33239.00 ag 8.00 dg 1.00
#30 (32.41 fps) exp 33239.00 ag 8.00 dg 1.00
#31 (32.41 fps) exp 33239.00 ag 8.00 dg 1.00
#32 (32.41 fps) exp 33239.00 ag 8.00 dg 1.00
#33 (32.41 fps) exp 33239.00 ag 8.00 dg 1.00
#34 (32.41 fps) exp 33239.00 ag 8.00 dg 1.00
#35 (32.40 fps) exp 33239.00 ag 8.00 dg 1.00
#36 (32.41 fps) exp 33239.00 ag 8.00 dg 1.00
#37 (32.41 fps) exp 33239.00 ag 8.00 dg 1.00
#38 (32.40 fps) exp 33239.00 ag 8.00 dg 1.00
#39 (32.41 fps) exp 33239.00 ag 8.00 dg 1.00
#40 (32.41 fps) exp 33239.00 ag 8.00 dg 1.00
#41 (32.41 fps) exp 33239.00 ag 8.00 dg 1.00
#42 (32.40 fps) exp 33239.00 ag 8.00 dg 1.00
#43 (32.40 fps) exp 33239.00 ag 8.00 dg 1.00
#44 (32.42 fps) exp 33239.00 ag 8.00 dg 1.00
#45 (32.41 fps) exp 33239.00 ag 8.00 dg 1.00
#46 (32.41 fps) exp 33239.00 ag 8.00 dg 1.00
#47 (32.41 fps) exp 33239.00 ag 8.00 dg 1.00
#48 (32.41 fps) exp 33239.00 ag 8.00 dg 1.00
#49 (32.41 fps) exp 33239.00 ag 8.00 dg 1.00
#50 (32.40 fps) exp 33239.00 ag 8.00 dg 1.00
#51 (32.41 fps) exp 33239.00 ag 8.00 dg 1.00
#52 (32.41 fps) exp 33239.00 ag 8.00 dg 1.00
#53 (32.40 fps) exp 33239.00 ag 8.00 dg 1.00
#54 (32.41 fps) exp 33239.00 ag 8.00 dg 1.00
#55 (32.41 fps) exp 33239.00 ag 8.00 dg 1.00
#56 (32.41 fps) exp 33239.00 ag 8.00 dg 1.00
#57 (32.41 fps) exp 33239.00 ag 8.00 dg 1.00
#58 (32.39 fps) exp 33239.00 ag 8.00 dg 1.00
#59 (32.41 fps) exp 33239.00 ag 8.00 dg 1.00
#60 (32.41 fps) exp 33239.00 ag 8.00 dg 1.00
#61 (32.40 fps) exp 33239.00 ag 8.00 dg 1.00
#62 (32.41 fps) exp 33239.00 ag 8.00 dg 1.00
#63 (32.41 fps) exp 33239.00 ag 8.00 dg 1.00
#64 (32.40 fps) exp 33239.00 ag 8.00 dg 1.00
#65 (32.41 fps) exp 33239.00 ag 8.00 dg 1.00
#66 (32.32 fps) exp 33239.00 ag 8.00 dg 1.00
#67 (32.48 fps) exp 33239.00 ag 8.00 dg 1.00
#68 (32.35 fps) exp 33239.00 ag 8.00 dg 1.00
#69 (32.47 fps) exp 33239.00 ag 8.00 dg 1.00
#70 (32.39 fps) exp 33239.00 ag 8.00 dg 1.00
#71 (32.44 fps) exp 33239.00 ag 8.00 dg 1.00
#72 (32.40 fps) exp 33239.00 ag 8.00 dg 1.00
#73 (32.40 fps) exp 33239.00 ag 8.00 dg 1.00
#74 (32.42 fps) exp 33239.00 ag 8.00 dg 1.00
#75 (32.41 fps) exp 33239.00 ag 8.00 dg 1.00
#76 (32.40 fps) exp 33239.00 ag 8.00 dg 1.00
#77 (32.41 fps) exp 33239.00 ag 8.00 dg 1.00
#78 (32.40 fps) exp 33239.00 ag 8.00 dg 1.00
#79 (32.41 fps) exp 33239.00 ag 8.00 dg 1.00
#80 (32.41 fps) exp 33239.00 ag 8.00 dg 1.00
#81 (32.41 fps) exp 33239.00 ag 8.00 dg 1.00
#82 (32.40 fps) exp 33239.00 ag 8.00 dg 1.00
#83 (32.41 fps) exp 33239.00 ag 8.00 dg 1.00
#84 (32.40 fps) exp 33239.00 ag 8.00 dg 1.00
#85 (32.40 fps) exp 33239.00 ag 8.00 dg 1.00
#86 (32.42 fps) exp 33239.00 ag 8.00 dg 1.00
#87 (32.40 fps) exp 33239.00 ag 8.00 dg 1.00
#88 (32.41 fps) exp 33239.00 ag 8.00 dg 1.00
#89 (32.41 fps) exp 33239.00 ag 8.00 dg 1.00
#90 (32.40 fps) exp 33239.00 ag 8.00 dg 1.00
#91 (32.41 fps) exp 33239.00 ag 8.00 dg 1.00
#92 (32.41 fps) exp 33239.00 ag 8.00 dg 1.00
#93 (32.41 fps) exp 33239.00 ag 8.00 dg 1.00
#94 (32.41 fps) exp 33239.00 ag 8.00 dg 1.00
#95 (32.40 fps) exp 33239.00 ag 8.00 dg 1.00
#96 (32.41 fps) exp 33239.00 ag 8.00 dg 1.00
#97 (32.40 fps) exp 33239.00 ag 8.00 dg 1.00
#98 (32.41 fps) exp 33239.00 ag 8.00 dg 1.00
#99 (32.41 fps) exp 33239.00 ag 8.00 dg 1.00
#100 (32.41 fps) exp 33239.00 ag 8.00 dg 1.00
#101 (32.40 fps) exp 33239.00 ag 8.00 dg 1.00
#102 (32.41 fps) exp 33239.00 ag 8.00 dg 1.00
#103 (32.41 fps) exp 33239.00 ag 8.00 dg 1.00
#104 (32.40 fps) exp 33239.00 ag 8.00 dg 1.00
#105 (32.41 fps) exp 33239.00 ag 8.00 dg 1.00
#106 (32.41 fps) exp 33239.00 ag 8.00 dg 1.00
#107 (32.40 fps) exp 33239.00 ag 8.00 dg 1.00
#108 (32.41 fps) exp 33239.00 ag 8.00 dg 1.00
#109 (32.40 fps) exp 33239.00 ag 8.00 dg 1.00
#110 (32.40 fps) exp 33239.00 ag 8.00 dg 1.00
#111 (32.41 fps) exp 33239.00 ag 8.00 dg 1.00
#112 (32.41 fps) exp 33239.00 ag 8.00 dg 1.00
#113 (32.41 fps) exp 33239.00 ag 8.00 dg 1.00
Mode selection for 320:256:12:P
    SGBRG10_CSI2P,640x480/0 - Score: 1167.25
    SGBRG10_CSI2P,1296x972/0 - Score: 1454.25
    SGBRG10_CSI2P,1920x1080/0 - Score: 1803.92
    SGBRG10_CSI2P,2592x1944/0 - Score: 2021.25
Stream configuration adjusted
[0:00:44.430996232] [1024] [1;32m INFO [1;37mCamera [1;34mcamera.cpp:1215 [0mconfiguring streams: (0) 320x256-YUV420/sYCC (1) 640x480-SGBRG10_CSI2P/RAW
[0:00:44.440752690] [1039] [1;32m INFO [1;37mRPI [1;34mvc4.cpp:620 [0mSensor: /base/soc/i2c0mux/i2c@1/ov5647@36 - Selected sensor format: 640x480-SGBRG10_1X10/RAW - Selected unicam format: 640x480-pGAA/RAW
Still capture image received
ALSA lib confmisc.c:165:(snd_config_get_card) Cannot get card index for 2
aplay: main:850: audio open error: No such file or directory
Run id
uid=1000(w2cxm) gid=1000(w2cxm) groups=1000(w2cxm),4(adm),20(dialout),24(cdrom),27(sudo),29(audio),44(video),46(plugdev),60(games),100(users),102(netdev),108(lpadmin),986(gpio),988(i2c),989(spi),992(render),996(input)
RAN id
[0:00:39.056176912] [1028] [1;32m INFO [1;37mCamera [1;34mcamera_manager.cpp:340 [0mlibcamera v0.6.0+rpt20251202
[0:00:39.289468578] [1043] [1;32m INFO [1;37mIPAProxy [1;34mipa_proxy.cpp:180 [0mUsing tuning file /usr/share/libcamera/ipa/rpi/vc4/ov5647.json
[0:00:39.340131964] [1043] [1;32m INFO [1;37mCamera [1;34mcamera_manager.cpp:223 [0mAdding camera '/base/soc/i2c0mux/i2c@1/ov5647@36' for pipeline handler rpi/vc4
[0:00:39.340337328] [1043] [1;32m INFO [1;37mRPI [1;34mvc4.cpp:445 [0mRegistered camera /base/soc/i2c0mux/i2c@1/ov5647@36 to Unicam device /dev/media3 and ISP device /dev/media0
[0:00:39.340449828] [1043] [1;32m INFO [1;37mRPI [1;34mpipeline_base.cpp:1111 [0mUsing configuration file '/usr/share/libcamera/pipeline/rpi/vc4/rpi_apps.yaml'
Made X/EGL preview window
Made DRM preview window
Preview window unavailable
Mode selection for 1214:972:12:P
    SGBRG10_CSI2P,640x480/0 - Score: 3163.64
    SGBRG10_CSI2P,1296x972/0 - Score: 1052.14
    SGBRG10_CSI2P,1920x1080/0 - Score: 1401.8
    SGBRG10_CSI2P,2592x1944/0 - Score: 1619.14
Stream configuration adjusted
[0:00:40.528253994] [1028] [1;32m INFO [1;37mCamera [1;34mcamera.cpp:1215 [0mconfiguring streams: (0) 1214x972-YUV420/sYCC (1) 1296x972-SGBRG10_CSI2P/RAW
[0:00:40.530398213] [1043] [1;32m INFO [1;37mRPI [1;34mvc4.cpp:620 [0mSensor: /base/soc/i2c0mux/i2c@1/ov5647@36 - Selected sensor format: 1296x972-SGBRG10_1X10/RAW - Selected unicam format: 1296x972-pGAA/RAW
#10 (0.00 fps) exp 33239.00 ag 8.00 dg 1.00
#11 (32.41 fps) exp 33239.00 ag 8.00 dg 1.00
#12 (32.41 fps) exp 33239.00 ag 8.00 dg 1.00
#13 (32.41 fps) exp 33239.00 ag 8.00 dg 1.00
#14 (32.41 fps) exp 33239.00 ag 8.00 dg 1.00
#15 (32.41 fps) exp 33239.00 ag 8.00 dg 1.00
#16 (32.41 fps) exp 33239.00 ag 8.00 dg 1.00
#17 (32.41 fps) exp 33239.00 ag 8.00 dg 1.00
#18 (32.40 fps) exp 33239.00 ag 8.00 dg 1.00
#19 (32.41 fps) exp 33239.00 ag 8.00 dg 1.00
#20 (32.41 fps) exp 33239.00 ag 8.00 dg 1.00
#21 (32.41 fps) exp 33239.00 ag 8.00 dg 1.00
#22 (32.41 fps) exp 33239.00 ag 8.00 dg 1.00
#23 (32.41 fps) exp 33239.00 ag 8.00 dg 1.00
#24 (32.41 fps) exp 33239.00 ag 8.00 dg 1.00
#25 (32.41 fps) exp 33239.00 ag 8.00 dg 1.00
#26 (32.40 fps) exp 33239.00 ag 8.00 dg 1.00
#27 (32.40 fps) exp 33239.00 ag 8.00 dg 1.00
#28 (32.41 fps) exp 33239.00 ag 8.00 dg 1.00
#29 (32.41 fps) exp 33239.00 ag 8.00 dg 1.00
#30 (32.41 fps) exp 33239.00 ag 8.00 dg 1.00
#31 (32.40 fps) exp 33239.00 ag 8.00 dg 1.00
#32 (32.41 fps) exp 33239.00 ag 8.00 dg 1.00
#33 (32.40 fps) exp 33239.00 ag 8.00 dg 1.00
#34 (32.40 fps) exp 33239.00 ag 8.00 dg 1.00
#35 (32.41 fps) exp 33239.00 ag 8.00 dg 1.00
#36 (32.41 fps) exp 33239.00 ag 8.00 dg 1.00
#37 (32.41 fps) exp 33239.00 ag 8.00 dg 1.00
#38 (32.41 fps) exp 33239.00 ag 8.00 dg 1.00
#39 (32.40 fps) exp 33239.00 ag 8.00 dg 1.00
#40 (32.40 fps) exp 33239.00 ag 8.00 dg 1.00
#41 (32.41 fps) exp 33239.00 ag 8.00 dg 1.00
#42 (32.41 fps) exp 33239.00 ag 8.00 dg 1.00
#43 (32.40 fps) exp 33239.00 ag 8.00 dg 1.00
#44 (32.41 fps) exp 33239.00 ag 8.00 dg 1.00
#45 (32.39 fps) exp 33239.00 ag 8.00 dg 1.00
#46 (32.42 fps) exp 33239.00 ag 8.00 dg 1.00
#47 (32.41 fps) exp 33239.00 ag 8.00 dg 1.00
#48 (32.41 fps) exp 33239.00 ag 8.00 dg 1.00
#49 (32.41 fps) exp 33239.00 ag 8.00 dg 1.00
#50 (32.40 fps) exp 33239.00 ag 8.00 dg 1.00
#51 (32.40 fps) exp 33239.00 ag 8.00 dg 1.00
#52 (32.39 fps) exp 33239.00 ag 8.00 dg 1.00
#53 (32.41 fps) exp 33239.00 ag 8.00 dg 1.00
#54 (32.42 fps) exp 33239.00 ag 8.00 dg 1.00
#55 (32.40 fps) exp 33239.00 ag 8.00 dg 1.00
#56 (32.42 fps) exp 33239.00 ag 8.00 dg 1.00
#57 (32.41 fps) exp 33239.00 ag 8.00 dg 1.00
#58 (32.40 fps) exp 33239.00 ag 8.00 dg 1.00
#59 (32.41 fps) exp 33239.00 ag 8.00 dg 1.00
#60 (32.39 fps) exp 33239.00 ag 8.00 dg 1.00
#61 (32.42 fps) exp 33239.00 ag 8.00 dg 1.00
#62 (32.41 fps) exp 33239.00 ag 8.00 dg 1.00
#63 (32.41 fps) exp 33239.00 ag 8.00 dg 1.00
#64 (32.41 fps) exp 33239.00 ag 8.00 dg 1.00
#65 (32.39 fps) exp 33239.00 ag 8.00 dg 1.00
#66 (32.42 fps) exp 33239.00 ag 8.00 dg 1.00
#67 (32.40 fps) exp 33239.00 ag 8.00 dg 1.00
#68 (32.40 fps) exp 33239.00 ag 8.00 dg 1.00
#69 (32.42 fps) exp 33239.00 ag 8.00 dg 1.00
#70 (32.41 fps) exp 33239.00 ag 8.00 dg 1.00
#71 (32.40 fps) exp 33239.00 ag 8.00 dg 1.00
#72 (32.40 fps) exp 33239.00 ag 8.00 dg 1.00
#73 (32.41 fps) exp 33239.00 ag 8.00 dg 1.00
#74 (32.40 fps) exp 33239.00 ag 8.00 dg 1.00
#75 (32.42 fps) exp 33239.00 ag 8.00 dg 1.00
#76 (32.41 fps) exp 33239.00 ag 8.00 dg 1.00
#77 (32.40 fps) exp 33239.00 ag 8.00 dg 1.00
#78 (32.41 fps) exp 33239.00 ag 8.00 dg 1.00
#79 (32.41 fps) exp 33239.00 ag 8.00 dg 1.00
#80 (32.39 fps) exp 33239.00 ag 8.00 dg 1.00
#81 (32.42 fps) exp 33239.00 ag 8.00 dg 1.00
#82 (32.41 fps) exp 33239.00 ag 8.00 dg 1.00
#83 (32.41 fps) exp 33239.00 ag 8.00 dg 1.00
#84 (32.41 fps) exp 33239.00 ag 8.00 dg 1.00
#85 (32.40 fps) exp 33239.00 ag 8.00 dg 1.00
#86 (32.41 fps) exp 33239.00 ag 8.00 dg 1.00
#87 (32.40 fps) exp 33239.00 ag 8.00 dg 1.00
#88 (32.39 fps) exp 33239.00 ag 8.00 dg 1.00
#89 (32.42 fps) exp 33239.00 ag 8.00 dg 1.00
#90 (32.41 fps) exp 33239.00 ag 8.00 dg 1.00
#91 (32.41 fps) exp 33239.00 ag 8.00 dg 1.00
#92 (32.41 fps) exp 33239.00 ag 8.00 dg 1.00
#93 (32.41 fps) exp 33239.00 ag 8.00 dg 1.00
#94 (32.41 fps) exp 33239.00 ag 8.00 dg 1.00
#95 (32.40 fps) exp 33239.00 ag 8.00 dg 1.00
#96 (32.40 fps) exp 33239.00 ag 8.00 dg 1.00
#97 (32.41 fps) exp 33239.00 ag 8.00 dg 1.00
#98 (32.41 fps) exp 33239.00 ag 8.00 dg 1.00
#99 (32.41 fps) exp 33239.00 ag 8.00 dg 1.00
#100 (32.41 fps) exp 33239.00 ag 8.00 dg 1.00
#101 (32.39 fps) exp 33239.00 ag 8.00 dg 1.00
#102 (32.43 fps) exp 33239.00 ag 8.00 dg 1.00
#103 (32.40 fps) exp 33239.00 ag 8.00 dg 1.00
#104 (32.40 fps) exp 33239.00 ag 8.00 dg 1.00
#105 (32.41 fps) exp 33239.00 ag 8.00 dg 1.00
#106 (32.41 fps) exp 33239.00 ag 8.00 dg 1.00
#107 (32.41 fps) exp 33239.00 ag 8.00 dg 1.00
#108 (32.41 fps) exp 33239.00 ag 8.00 dg 1.00
#109 (32.40 fps) exp 33239.00 ag 8.00 dg 1.00
#110 (32.41 fps) exp 33239.00 ag 8.00 dg 1.00
#111 (32.41 fps) exp 33239.00 ag 8.00 dg 1.00
#112 (32.41 fps) exp 33239.00 ag 8.00 dg 1.00
#113 (32.40 fps) exp 33239.00 ag 8.00 dg 1.00
#114 (32.41 fps) exp 33239.00 ag 8.00 dg 1.00
#115 (32.41 fps) exp 33239.00 ag 8.00 dg 1.00
#116 (32.40 fps) exp 33239.00 ag 8.00 dg 1.00
#117 (32.41 fps) exp 33239.00 ag 8.00 dg 1.00
#118 (32.41 fps) exp 33239.00 ag 8.00 dg 1.00
#119 (32.41 fps) exp 33239.00 ag 8.00 dg 1.00
#120 (32.41 fps) exp 33239.00 ag 8.00 dg 1.00
#121 (32.40 fps) exp 33239.00 ag 8.00 dg 1.00
#122 (32.41 fps) exp 33239.00 ag 8.00 dg 1.00
#123 (32.41 fps) exp 33239.00 ag 8.00 dg 1.00
#124 (32.41 fps) exp 33239.00 ag 8.00 dg 1.00
#125 (32.41 fps) exp 33239.00 ag 8.00 dg 1.00
#126 (32.41 fps) exp 33239.00 ag 8.00 dg 1.00
#127 (32.41 fps) exp 33239.00 ag 8.00 dg 1.00
#128 (32.40 fps) exp 33239.00 ag 8.00 dg 1.00
#129 (32.41 fps) exp 33239.00 ag 8.00 dg 1.00
#130 (32.39 fps) exp 33239.00 ag 8.00 dg 1.00
#131 (32.41 fps) exp 33239.00 ag 8.00 dg 1.00
#132 (32.42 fps) exp 33239.00 ag 8.00 dg 1.00
#133 (32.40 fps) exp 33239.00 ag 8.00 dg 1.00
#134 (32.42 fps) exp 33239.00 ag 8.00 dg 1.00
#135 (32.41 fps) exp 33239.00 ag 8.00 dg 1.00
#136 (32.41 fps) exp 33239.00 ag 8.00 dg 1.00
#137 (32.41 fps) exp 33239.00 ag 8.00 dg 1.00
Mode selection for 320:256:12:P
    SGBRG10_CSI2P,640x480/0 - Score: 1167.25
    SGBRG10_CSI2P,1296x972/0 - Score: 1454.25
    SGBRG10_CSI2P,1920x1080/0 - Score: 1803.92
    SGBRG10_CSI2P,2592x1944/0 - Score: 2021.25
Stream configuration adjusted
[0:00:45.042425503] [1028] [1;32m INFO [1;37mCamera [1;34mcamera.cpp:1215 [0mconfiguring streams: (0) 320x256-YUV420/sYCC (1) 640x480-SGBRG10_CSI2P/RAW
[0:00:45.049228368] [1043] [1;32m INFO [1;37mRPI [1;34mvc4.cpp:620 [0mSensor: /base/soc/i2c0mux/i2c@1/ov5647@36 - Selected sensor format: 640x480-SGBRG10_1X10/RAW - Selected unicam format: 640x480-pGAA/RAW
Still capture image received
Playing WAVE 'sstv.wav' : Signed 16 bit Little Endian, Rate 48000 Hz, Mono
Run id
uid=1000(w2cxm) gid=1000(w2cxm) groups=1000(w2cxm),4(adm),20(dialout),24(cdrom),27(sudo),29(audio),44(video),46(plugdev),60(games),100(users),102(netdev),108(lpadmin),986(gpio),988(i2c),989(spi),992(render),996(input)
RAN id
[0:00:32.355707070] [1033] [1;32m INFO [1;37mCamera [1;34mcamera_manager.cpp:340 [0mlibcamera v0.6.0+rpt20251202
[0:00:32.420256706] [1048] [1;32m INFO [1;37mIPAProxy [1;34mipa_proxy.cpp:180 [0mUsing tuning file /usr/share/libcamera/ipa/rpi/vc4/ov5647.json
[0:00:32.437001810] [1048] [1;32m INFO [1;37mCamera [1;34mcamera_manager.cpp:223 [0mAdding camera '/base/soc/i2c0mux/i2c@1/ov5647@36' for pipeline handler rpi/vc4
[0:00:32.437146133] [1048] [1;32m INFO [1;37mRPI [1;34mvc4.cpp:445 [0mRegistered camera /base/soc/i2c0mux/i2c@1/ov5647@36 to Unicam device /dev/media0 and ISP device /dev/media1
[0:00:32.437207591] [1048] [1;32m INFO [1;37mRPI [1;34mpipeline_base.cpp:1111 [0mUsing configuration file '/usr/share/libcamera/pipeline/rpi/vc4/rpi_apps.yaml'
Made X/EGL preview window
Made DRM preview window
Preview window unavailable
Mode selection for 1214:972:12:P
    SGBRG10_CSI2P,640x480/0 - Score: 3163.64
    SGBRG10_CSI2P,1296x972/0 - Score: 1052.14
    SGBRG10_CSI2P,1920x1080/0 - Score: 1401.8
    SGBRG10_CSI2P,2592x1944/0 - Score: 1619.14
Stream configuration adjusted
[0:00:33.180842903] [1033] [1;32m INFO [1;37mCamera [1;34mcamera.cpp:1215 [0mconfiguring streams: (0) 1214x972-YUV420/sYCC (1) 1296x972-SGBRG10_CSI2P/RAW
[0:00:33.181487539] [1048] [1;32m INFO [1;37mRPI [1;34mvc4.cpp:620 [0mSensor: /base/soc/i2c0mux/i2c@1/ov5647@36 - Selected sensor format: 1296x972-SGBRG10_1X10/RAW - Selected unicam format: 1296x972-pGAA/RAW
#10 (0.00 fps) exp 33239.00 ag 8.00 dg 1.00
#11 (32.41 fps) exp 33239.00 ag 8.00 dg 1.00
#12 (32.41 fps) exp 33239.00 ag 8.00 dg 1.00
#13 (32.41 fps) exp 33239.00 ag 8.00 dg 1.00
#14 (32.41 fps) exp 33239.00 ag 8.00 dg 1.00
#15 (32.40 fps) exp 33239.00 ag 8.00 dg 1.00
#16 (32.41 fps) exp 33239.00 ag 8.00 dg 1.00
#17 (32.40 fps) exp 33239.00 ag 8.00 dg 1.00
#18 (32.40 fps) exp 33239.00 ag 8.00 dg 1.00
#19 (32.41 fps) exp 33239.00 ag 8.00 dg 1.00
#20 (32.41 fps) exp 33239.00 ag 8.00 dg 1.00
#21 (32.41 fps) exp 33239.00 ag 8.00 dg 1.00
#22 (32.40 fps) exp 33239.00 ag 8.00 dg 1.00
#23 (32.41 fps) exp 33239.00 ag 8.00 dg 1.00
#24 (32.40 fps) exp 33239.00 ag 8.00 dg 1.00
#25 (32.41 fps) exp 33239.00 ag 8.00 dg 1.00
#26 (32.41 fps) exp 33239.00 ag 8.00 dg 1.00
#27 (32.40 fps) exp 33239.00 ag 8.00 dg 1.00
#28 (32.41 fps) exp 33239.00 ag 8.00 dg 1.00
#29 (32.41 fps) exp 33239.00 ag 8.00 dg 1.00
#30 (32.41 fps) exp 33239.00 ag 8.00 dg 1.00
#31 (32.40 fps) exp 33239.00 ag 8.00 dg 1.00
#32 (32.40 fps) exp 33239.00 ag 8.00 dg 1.00
#33 (32.41 fps) exp 33239.00 ag 8.00 dg 1.00
#34 (32.40 fps) exp 33239.00 ag 8.00 dg 1.00
#35 (32.41 fps) exp 33239.00 ag 8.00 dg 1.00
#36 (32.41 fps) exp 33239.00 ag 8.00 dg 1.00
#37 (32.39 fps) exp 33239.00 ag 8.00 dg 1.00
#38 (32.40 fps) exp 33239.00 ag 8.00 dg 1.00
#39 (32.42 fps) exp 33239.00 ag 8.00 dg 1.00
#40 (32.41 fps) exp 33239.00 ag 8.00 dg 1.00
#41 (32.41 fps) exp 33239.00 ag 8.00 dg 1.00
#42 (32.40 fps) exp 33239.00 ag 8.00 dg 1.00
#43 (32.42 fps) exp 33239.00 ag 8.00 dg 1.00
#44 (32.40 fps) exp 33239.00 ag 8.00 dg 1.00
#45 (32.41 fps) exp 33239.00 ag 8.00 dg 1.00
#46 (32.41 fps) exp 33239.00 ag 8.00 dg 1.00
#47 (32.41 fps) exp 33239.00 ag 8.00 dg 1.00
#48 (32.41 fps) exp 33239.00 ag 8.00 dg 1.00
#49 (32.41 fps) exp 33239.00 ag 8.00 dg 1.00
#50 (32.41 fps) exp 33239.00 ag 8.00 dg 1.00
#51 (32.40 fps) exp 33239.00 ag 8.00 dg 1.00
#52 (32.41 fps) exp 33239.00 ag 8.00 dg 1.00
#53 (32.40 fps) exp 33239.00 ag 8.00 dg 1.00
#54 (32.41 fps) exp 33239.00 ag 8.00 dg 1.00
#55 (32.41 fps) exp 33239.00 ag 8.00 dg 1.00
#56 (32.41 fps) exp 33239.00 ag 8.00 dg 1.00
#57 (32.41 fps) exp 33239.00 ag 8.00 dg 1.00
#58 (32.41 fps) exp 33239.00 ag 8.00 dg 1.00
#59 (32.41 fps) exp 33239.00 ag 8.00 dg 1.00
#60 (32.40 fps) exp 33239.00 ag 8.00 dg 1.00
#61 (32.41 fps) exp 33239.00 ag 8.00 dg 1.00
#62 (32.41 fps) exp 33239.00 ag 8.00 dg 1.00
#63 (32.41 fps) exp 33239.00 ag 8.00 dg 1.00
#64 (32.40 fps) exp 33239.00 ag 8.00 dg 1.00
#65 (32.41 fps) exp 33239.00 ag 8.00 dg 1.00
#66 (32.41 fps) exp 33239.00 ag 8.00 dg 1.00
#67 (32.41 fps) exp 33239.00 ag 8.00 dg 1.00
#68 (32.41 fps) exp 33239.00 ag 8.00 dg 1.00
#69 (32.41 fps) exp 33239.00 ag 8.00 dg 1.00
#70 (32.41 fps) exp 33239.00 ag 8.00 dg 1.00
#71 (32.41 fps) exp 33239.00 ag 8.00 dg 1.00
#72 (32.41 fps) exp 33239.00 ag 8.00 dg 1.00
#73 (32.41 fps) exp 33239.00 ag 8.00 dg 1.00
#74 (32.40 fps) exp 33239.00 ag 8.00 dg 1.00
#75 (32.41 fps) exp 33239.00 ag 8.00 dg 1.00
#76 (32.41 fps) exp 33239.00 ag 8.00 dg 1.00
#77 (32.41 fps) exp 33239.00 ag 8.00 dg 1.00
#78 (32.41 fps) exp 33239.00 ag 8.00 dg 1.00
#79 (32.41 fps) exp 33239.00 ag 8.00 dg 1.00
#80 (32.41 fps) exp 33239.00 ag 8.00 dg 1.00
#81 (32.41 fps) exp 33239.00 ag 8.00 dg 1.00
#82 (32.41 fps) exp 33239.00 ag 8.00 dg 1.00
#83 (32.40 fps) exp 33239.00 ag 8.00 dg 1.00
#84 (32.40 fps) exp 33239.00 ag 8.00 dg 1.00
#85 (32.41 fps) exp 33239.00 ag 8.00 dg 1.00
#86 (32.41 fps) exp 33239.00 ag 8.00 dg 1.00
#87 (32.40 fps) exp 33239.00 ag 8.00 dg 1.00
#88 (32.40 fps) exp 33239.00 ag 8.00 dg 1.00
#89 (32.40 fps) exp 33239.00 ag 8.00 dg 1.00
#90 (32.41 fps) exp 33239.00 ag 8.00 dg 1.00
#91 (32.40 fps) exp 33239.00 ag 8.00 dg 1.00
#92 (32.41 fps) exp 33239.00 ag 8.00 dg 1.00
#93 (32.41 fps) exp 33239.00 ag 8.00 dg 1.00
#94 (32.40 fps) exp 33239.00 ag 8.00 dg 1.00
#95 (32.41 fps) exp 33239.00 ag 8.00 dg 1.00
#96 (32.40 fps) exp 33239.00 ag 8.00 dg 1.00
#97 (32.41 fps) exp 33239.00 ag 8.00 dg 1.00
#98 (32.40 fps) exp 33239.00 ag 8.00 dg 1.00
#99 (32.41 fps) exp 33239.00 ag 8.00 dg 1.00
#100 (32.41 fps) exp 33239.00 ag 8.00 dg 1.00
#101 (32.40 fps) exp 33239.00 ag 8.00 dg 1.00
#102 (32.41 fps) exp 33239.00 ag 8.00 dg 1.00
#103 (32.40 fps) exp 33239.00 ag 8.00 dg 1.00
#104 (32.41 fps) exp 33239.00 ag 8.00 dg 1.00
#105 (32.40 fps) exp 33239.00 ag 8.00 dg 1.00
#106 (32.40 fps) exp 33239.00 ag 8.00 dg 1.00
#107 (32.41 fps) exp 33239.00 ag 8.00 dg 1.00
#108 (32.41 fps) exp 33239.00 ag 8.00 dg 1.00
#109 (32.40 fps) exp 33239.00 ag 8.00 dg 1.00
#110 (32.41 fps) exp 33239.00 ag 8.00 dg 1.00
#111 (32.41 fps) exp 33239.00 ag 8.00 dg 1.00
#112 (32.41 fps) exp 33239.00 ag 8.00 dg 1.00
#113 (32.40 fps) exp 33239.00 ag 8.00 dg 1.00
#114 (32.40 fps) exp 33239.00 ag 8.00 dg 1.00
#115 (32.41 fps) exp 33239.00 ag 8.00 dg 1.00
#116 (32.41 fps) exp 33239.00 ag 8.00 dg 1.00
#117 (32.41 fps) exp 33239.00 ag 8.00 dg 1.00
#118 (32.40 fps) exp 33239.00 ag 8.00 dg 1.00
#119 (32.41 fps) exp 33239.00 ag 8.00 dg 1.00
#120 (32.41 fps) exp 33239.00 ag 8.00 dg 1.00
#121 (32.40 fps) exp 33239.00 ag 8.00 dg 1.00
#122 (32.41 fps) exp 33239.00 ag 8.00 dg 1.00
#123 (32.41 fps) exp 33239.00 ag 8.00 dg 1.00
#124 (32.41 fps) exp 33239.00 ag 8.00 dg 1.00
#125 (32.41 fps) exp 33239.00 ag 8.00 dg 1.00
#126 (32.41 fps) exp 33239.00 ag 8.00 dg 1.00
#127 (32.41 fps) exp 33239.00 ag 8.00 dg 1.00
#128 (32.41 fps) exp 33239.00 ag 8.00 dg 1.00
#129 (32.41 fps) exp 33239.00 ag 8.00 dg 1.00
#130 (32.41 fps) exp 33239.00 ag 8.00 dg 1.00
#131 (32.41 fps) exp 33239.00 ag 8.00 dg 1.00
#132 (32.41 fps) exp 33239.00 ag 8.00 dg 1.00
#133 (32.40 fps) exp 33239.00 ag 8.00 dg 1.00
#134 (32.41 fps) exp 33239.00 ag 8.00 dg 1.00
#135 (32.41 fps) exp 33239.00 ag 8.00 dg 1.00
#136 (32.41 fps) exp 33239.00 ag 8.00 dg 1.00
#137 (32.40 fps) exp 33239.00 ag 8.00 dg 1.00
#138 (32.41 fps) exp 33239.00 ag 8.00 dg 1.00
#139 (32.40 fps) exp 33239.00 ag 8.00 dg 1.00
#140 (32.41 fps) exp 33239.00 ag 8.00 dg 1.00
#141 (32.41 fps) exp 33239.00 ag 8.00 dg 1.00
#142 (32.41 fps) exp 33239.00 ag 8.00 dg 1.00
#143 (32.41 fps) exp 33239.00 ag 8.00 dg 1.00
#144 (32.41 fps) exp 33239.00 ag 8.00 dg 1.00
#145 (32.40 fps) exp 33239.00 ag 8.00 dg 1.00
#146 (32.40 fps) exp 33239.00 ag 8.00 dg 1.00
#147 (32.41 fps) exp 33239.00 ag 8.00 dg 1.00
#148 (32.37 fps) exp 33239.00 ag 8.00 dg 1.00
#149 (32.44 fps) exp 33239.00 ag 8.00 dg 1.00
#150 (32.40 fps) exp 33239.00 ag 8.00 dg 1.00
#151 (32.41 fps) exp 33239.00 ag 8.00 dg 1.00
#152 (32.41 fps) exp 33239.00 ag 8.00 dg 1.00
#153 (32.41 fps) exp 33239.00 ag 8.00 dg 1.00
#154 (32.41 fps) exp 33239.00 ag 8.00 dg 1.00
#155 (32.41 fps) exp 33239.00 ag 8.00 dg 1.00
#156 (32.39 fps) exp 33239.00 ag 8.00 dg 1.00
#157 (32.43 fps) exp 33239.00 ag 8.00 dg 1.00
Mode selection for 320:256:12:P
    SGBRG10_CSI2P,640x480/0 - Score: 1167.25
    SGBRG10_CSI2P,1296x972/0 - Score: 1454.25
    SGBRG10_CSI2P,1920x1080/0 - Score: 1803.92
    SGBRG10_CSI2P,2592x1944/0 - Score: 2021.25
Stream configuration adjusted
[0:00:38.276582016] [1033] [1;32m INFO [1;37mCamera [1;34mcamera.cpp:1215 [0mconfiguring streams: (0) 320x256-YUV420/sYCC (1) 640x480-SGBRG10_CSI2P/RAW
[0:00:38.280188474] [1048] [1;32m INFO [1;37mRPI [1;34mvc4.cpp:620 [0mSensor: /base/soc/i2c0mux/i2c@1/ov5647@36 - Selected sensor format: 640x480-SGBRG10_1X10/RAW - Selected unicam format: 640x480-pGAA/RAW
Still capture image received
Playing WAVE 'sstv.wav' : Signed 16 bit Little Endian, Rate 48000 Hz, Mono
Aborted by signal Terminated...
Run id
uid=1000(w2cxm) gid=1000(w2cxm) groups=1000(w2cxm),4(adm),20(dialout),24(cdrom),27(sudo),29(audio),44(video),46(plugdev),60(games),100(users),102(netdev),108(lpadmin),986(gpio),988(i2c),989(spi),992(render),996(input)
RAN id
[0:00:32.931440403] [1031] [1;32m INFO [1;37mCamera [1;34mcamera_manager.cpp:340 [0mlibcamera v0.6.0+rpt20251202
[0:00:33.081418112] [1043] [1;32m INFO [1;37mIPAProxy [1;34mipa_proxy.cpp:180 [0mUsing tuning file /usr/share/libcamera/ipa/rpi/vc4/ov5647.json
[0:00:33.105719205] [1043] [1;32m INFO [1;37mCamera [1;34mcamera_manager.cpp:223 [0mAdding camera '/base/soc/i2c0mux/i2c@1/ov5647@36' for pipeline handler rpi/vc4
[0:00:33.105895976] [1043] [1;32m INFO [1;37mRPI [1;34mvc4.cpp:445 [0mRegistered camera /base/soc/i2c0mux/i2c@1/ov5647@36 to Unicam device /dev/media3 and ISP device /dev/media0
[0:00:33.105963476] [1043] [1;32m INFO [1;37mRPI [1;34mpipeline_base.cpp:1111 [0mUsing configuration file '/usr/share/libcamera/pipeline/rpi/vc4/rpi_apps.yaml'
Made X/EGL preview window
Made DRM preview window
Preview window unavailable
Mode selection for 1214:972:12:P
    SGBRG10_CSI2P,640x480/0 - Score: 3163.64
    SGBRG10_CSI2P,1296x972/0 - Score: 1052.14
    SGBRG10_CSI2P,1920x1080/0 - Score: 1401.8
    SGBRG10_CSI2P,2592x1944/0 - Score: 1619.14
Stream configuration adjusted
[0:00:33.934958215] [1031] [1;32m INFO [1;37mCamera [1;34mcamera.cpp:1215 [0mconfiguring streams: (0) 1214x972-YUV420/sYCC (1) 1296x972-SGBRG10_CSI2P/RAW
[0:00:33.935516080] [1043] [1;32m INFO [1;37mRPI [1;34mvc4.cpp:620 [0mSensor: /base/soc/i2c0mux/i2c@1/ov5647@36 - Selected sensor format: 1296x972-SGBRG10_1X10/RAW - Selected unicam format: 1296x972-pGAA/RAW
#10 (0.00 fps) exp 33239.00 ag 8.00 dg 1.00
#11 (32.40 fps) exp 33239.00 ag 8.00 dg 1.00
#12 (32.41 fps) exp 33239.00 ag 8.00 dg 1.00
#13 (32.40 fps) exp 33239.00 ag 8.00 dg 1.00
#14 (32.41 fps) exp 33239.00 ag 8.00 dg 1.00
#15 (32.41 fps) exp 33239.00 ag 8.00 dg 1.00
#16 (32.41 fps) exp 33239.00 ag 8.00 dg 1.00
#17 (32.41 fps) exp 33239.00 ag 8.00 dg 1.00
#18 (32.41 fps) exp 33239.00 ag 8.00 dg 1.00
#19 (32.40 fps) exp 33239.00 ag 8.00 dg 1.00
#20 (32.41 fps) exp 33239.00 ag 8.00 dg 1.00
#21 (32.40 fps) exp 33239.00 ag 8.00 dg 1.00
#22 (32.41 fps) exp 33239.00 ag 8.00 dg 1.00
#23 (32.41 fps) exp 33239.00 ag 8.00 dg 1.00
#24 (32.41 fps) exp 33239.00 ag 8.00 dg 1.00
#25 (32.40 fps) exp 33239.00 ag 8.00 dg 1.00
#26 (32.40 fps) exp 33239.00 ag 8.00 dg 1.00
#27 (32.41 fps) exp 33239.00 ag 8.00 dg 1.00
#28 (32.41 fps) exp 33239.00 ag 8.00 dg 1.00
#29 (32.40 fps) exp 33239.00 ag 8.00 dg 1.00
#30 (32.41 fps) exp 33239.00 ag 8.00 dg 1.00
#31 (32.41 fps) exp 33239.00 ag 8.00 dg 1.00
#32 (32.40 fps) exp 33239.00 ag 8.00 dg 1.00
#33 (32.39 fps) exp 33239.00 ag 8.00 dg 1.00
#34 (32.42 fps) exp 33239.00 ag 8.00 dg 1.00
#35 (32.40 fps) exp 33239.00 ag 8.00 dg 1.00
#36 (32.40 fps) exp 33239.00 ag 8.00 dg 1.00
#37 (32.39 fps) exp 33239.00 ag 8.00 dg 1.00
#38 (32.40 fps) exp 33239.00 ag 8.00 dg 1.00
#39 (32.44 fps) exp 33239.00 ag 8.00 dg 1.00
#40 (32.38 fps) exp 33239.00 ag 8.00 dg 1.00
#41 (32.43 fps) exp 33239.00 ag 8.00 dg 1.00
#42 (32.41 fps) exp 33239.00 ag 8.00 dg 1.00
#43 (32.41 fps) exp 33239.00 ag 8.00 dg 1.00
#44 (32.41 fps) exp 33239.00 ag 8.00 dg 1.00
#45 (32.41 fps) exp 33239.00 ag 8.00 dg 1.00
#46 (32.41 fps) exp 33239.00 ag 8.00 dg 1.00
#47 (32.41 fps) exp 33239.00 ag 8.00 dg 1.00
#48 (32.41 fps) exp 33239.00 ag 8.00 dg 1.00
#49 (32.41 fps) exp 33239.00 ag 8.00 dg 1.00
#50 (32.41 fps) exp 33239.00 ag 8.00 dg 1.00
#51 (32.40 fps) exp 33239.00 ag 8.00 dg 1.00
#52 (32.41 fps) exp 33239.00 ag 8.00 dg 1.00
#53 (32.41 fps) exp 33239.00 ag 8.00 dg 1.00
#54 (32.41 fps) exp 33239.00 ag 8.00 dg 1.00
#55 (32.40 fps) exp 33239.00 ag 8.00 dg 1.00
#56 (32.41 fps) exp 33239.00 ag 8.00 dg 1.00
#57 (32.41 fps) exp 33239.00 ag 8.00 dg 1.00
#58 (32.41 fps) exp 33239.00 ag 8.00 dg 1.00
#59 (32.40 fps) exp 33239.00 ag 8.00 dg 1.00
#60 (32.41 fps) exp 33239.00 ag 8.00 dg 1.00
#61 (32.41 fps) exp 33239.00 ag 8.00 dg 1.00
#62 (32.41 fps) exp 33239.00 ag 8.00 dg 1.00
#63 (32.41 fps) exp 33239.00 ag 8.00 dg 1.00
#64 (32.41 fps) exp 33239.00 ag 8.00 dg 1.00
#65 (32.41 fps) exp 33239.00 ag 8.00 dg 1.00
#66 (32.41 fps) exp 33239.00 ag 8.00 dg 1.00
#67 (32.40 fps) exp 33239.00 ag 8.00 dg 1.00
#68 (32.41 fps) exp 33239.00 ag 8.00 dg 1.00
#69 (32.41 fps) exp 33239.00 ag 8.00 dg 1.00
#70 (32.41 fps) exp 33239.00 ag 8.00 dg 1.00
#71 (32.41 fps) exp 33239.00 ag 8.00 dg 1.00
#72 (32.40 fps) exp 33239.00 ag 8.00 dg 1.00
#73 (32.41 fps) exp 33239.00 ag 8.00 dg 1.00
#74 (32.40 fps) exp 33239.00 ag 8.00 dg 1.00
#75 (32.41 fps) exp 33239.00 ag 8.00 dg 1.00
#76 (32.41 fps) exp 33239.00 ag 8.00 dg 1.00
#77 (32.40 fps) exp 33239.00 ag 8.00 dg 1.00
#78 (32.41 fps) exp 33239.00 ag 8.00 dg 1.00
#79 (32.41 fps) exp 33239.00 ag 8.00 dg 1.00
#80 (32.41 fps) exp 33239.00 ag 8.00 dg 1.00
#81 (32.41 fps) exp 33239.00 ag 8.00 dg 1.00
#82 (32.41 fps) exp 33239.00 ag 8.00 dg 1.00
#83 (32.41 fps) exp 33239.00 ag 8.00 dg 1.00
#84 (32.41 fps) exp 33239.00 ag 8.00 dg 1.00
#85 (32.40 fps) exp 33239.00 ag 8.00 dg 1.00
#86 (32.41 fps) exp 33239.00 ag 8.00 dg 1.00
#87 (32.40 fps) exp 33239.00 ag 8.00 dg 1.00
#88 (32.40 fps) exp 33239.00 ag 8.00 dg 1.00
#89 (32.41 fps) exp 33239.00 ag 8.00 dg 1.00
#90 (32.41 fps) exp 33239.00 ag 8.00 dg 1.00
#91 (32.40 fps) exp 33239.00 ag 8.00 dg 1.00
#92 (32.41 fps) exp 33239.00 ag 8.00 dg 1.00
#93 (32.41 fps) exp 33239.00 ag 8.00 dg 1.00
#94 (32.40 fps) exp 33239.00 ag 8.00 dg 1.00
#95 (32.41 fps) exp 33239.00 ag 8.00 dg 1.00
#96 (32.40 fps) exp 33239.00 ag 8.00 dg 1.00
#97 (32.41 fps) exp 33239.00 ag 8.00 dg 1.00
#98 (32.41 fps) exp 33239.00 ag 8.00 dg 1.00
#99 (32.41 fps) exp 33239.00 ag 8.00 dg 1.00
#100 (32.41 fps) exp 33239.00 ag 8.00 dg 1.00
#101 (32.41 fps) exp 33239.00 ag 8.00 dg 1.00
#102 (32.41 fps) exp 33239.00 ag 8.00 dg 1.00
#103 (32.41 fps) exp 33239.00 ag 8.00 dg 1.00
#104 (32.40 fps) exp 33239.00 ag 8.00 dg 1.00
#105 (32.41 fps) exp 33239.00 ag 8.00 dg 1.00
#106 (32.41 fps) exp 33239.00 ag 8.00 dg 1.00
#107 (32.40 fps) exp 33239.00 ag 8.00 dg 1.00
#108 (32.41 fps) exp 33239.00 ag 8.00 dg 1.00
#109 (32.40 fps) exp 33239.00 ag 8.00 dg 1.00
#110 (32.41 fps) exp 33239.00 ag 8.00 dg 1.00
#111 (32.41 fps) exp 33239.00 ag 8.00 dg 1.00
#112 (32.41 fps) exp 33239.00 ag 8.00 dg 1.00
#113 (32.40 fps) exp 33239.00 ag 8.00 dg 1.00
#114 (32.40 fps) exp 33239.00 ag 8.00 dg 1.00
#115 (32.41 fps) exp 33239.00 ag 8.00 dg 1.00
#116 (32.41 fps) exp 33239.00 ag 8.00 dg 1.00
#117 (32.41 fps) exp 33239.00 ag 8.00 dg 1.00
#118 (32.40 fps) exp 33239.00 ag 8.00 dg 1.00
#119 (32.41 fps) exp 33239.00 ag 8.00 dg 1.00
#120 (32.41 fps) exp 33239.00 ag 8.00 dg 1.00
#121 (32.40 fps) exp 33239.00 ag 8.00 dg 1.00
#122 (32.41 fps) exp 33239.00 ag 8.00 dg 1.00
#123 (32.41 fps) exp 33239.00 ag 8.00 dg 1.00
#124 (32.41 fps) exp 33239.00 ag 8.00 dg 1.00
#125 (32.41 fps) exp 33239.00 ag 8.00 dg 1.00
#126 (32.40 fps) exp 33239.00 ag 8.00 dg 1.00
#127 (32.41 fps) exp 33239.00 ag 8.00 dg 1.00
#128 (32.41 fps) exp 33239.00 ag 8.00 dg 1.00
#129 (32.40 fps) exp 33239.00 ag 8.00 dg 1.00
#130 (32.41 fps) exp 33239.00 ag 8.00 dg 1.00
#131 (32.40 fps) exp 33239.00 ag 8.00 dg 1.00
#132 (32.41 fps) exp 33239.00 ag 8.00 dg 1.00
#133 (32.40 fps) exp 33239.00 ag 8.00 dg 1.00
#134 (32.41 fps) exp 33239.00 ag 8.00 dg 1.00
#135 (32.41 fps) exp 33239.00 ag 8.00 dg 1.00
#136 (32.40 fps) exp 33239.00 ag 8.00 dg 1.00
#137 (32.41 fps) exp 33239.00 ag 8.00 dg 1.00
#138 (32.41 fps) exp 33239.00 ag 8.00 dg 1.00
#139 (32.40 fps) exp 33239.00 ag 8.00 dg 1.00
#140 (32.41 fps) exp 33239.00 ag 8.00 dg 1.00
#141 (32.40 fps) exp 33239.00 ag 8.00 dg 1.00
#142 (32.41 fps) exp 33239.00 ag 8.00 dg 1.00
#143 (32.41 fps) exp 33239.00 ag 8.00 dg 1.00
#144 (32.41 fps) exp 33239.00 ag 8.00 dg 1.00
#145 (32.41 fps) exp 33239.00 ag 8.00 dg 1.00
#146 (32.41 fps) exp 33239.00 ag 8.00 dg 1.00
#147 (32.41 fps) exp 33239.00 ag 8.00 dg 1.00
#148 (32.41 fps) exp 33239.00 ag 8.00 dg 1.00
#149 (32.40 fps) exp 33239.00 ag 8.00 dg 1.00
#150 (32.41 fps) exp 33239.00 ag 8.00 dg 1.00
#151 (32.40 fps) exp 33239.00 ag 8.00 dg 1.00
#152 (32.35 fps) exp 33239.00 ag 8.00 dg 1.00
#153 (32.47 fps) exp 33239.00 ag 8.00 dg 1.00
#154 (32.41 fps) exp 33239.00 ag 8.00 dg 1.00
#155 (32.40 fps) exp 33239.00 ag 8.00 dg 1.00
#156 (32.41 fps) exp 33239.00 ag 8.00 dg 1.00
#157 (32.41 fps) exp 33239.00 ag 8.00 dg 1.00
#158 (32.41 fps) exp 33239.00 ag 8.00 dg 1.00
Mode selection for 320:256:12:P
    SGBRG10_CSI2P,640x480/0 - Score: 1167.25
    SGBRG10_CSI2P,1296x972/0 - Score: 1454.25
    SGBRG10_CSI2P,1920x1080/0 - Score: 1803.92
    SGBRG10_CSI2P,2592x1944/0 - Score: 2021.25
Stream configuration adjusted
[0:00:38.992295870] [1031] [1;32m INFO [1;37mCamera [1;34mcamera.cpp:1215 [0mconfiguring streams: (0) 320x256-YUV420/sYCC (1) 640x480-SGBRG10_CSI2P/RAW
[0:00:38.997049568] [1043] [1;32m INFO [1;37mRPI [1;34mvc4.cpp:620 [0mSensor: /base/soc/i2c0mux/i2c@1/ov5647@36 - Selected sensor format: 640x480-SGBRG10_1X10/RAW - Selected unicam format: 640x480-pGAA/RAW
Still capture image received
Playing WAVE 'sstv.wav' : Signed 16 bit Little Endian, Rate 48000 Hz, Mono
Run id
uid=1000(w2cxm) gid=1000(w2cxm) groups=1000(w2cxm),4(adm),20(dialout),24(cdrom),27(sudo),29(audio),44(video),46(plugdev),60(games),100(users),102(netdev),108(lpadmin),986(gpio),988(i2c),989(spi),992(render),996(input)
RAN id
[0:00:40.890714567] [1021] [1;32m INFO [1;37mCamera [1;34mcamera_manager.cpp:340 [0mlibcamera v0.6.0+rpt20251202
[0:00:41.260200192] [1042] [1;32m INFO [1;37mIPAProxy [1;34mipa_proxy.cpp:180 [0mUsing tuning file /usr/share/libcamera/ipa/rpi/vc4/ov5647.json
[0:00:41.311934411] [1042] [1;32m INFO [1;37mCamera [1;34mcamera_manager.cpp:223 [0mAdding camera '/base/soc/i2c0mux/i2c@1/ov5647@36' for pipeline handler rpi/vc4
[0:00:41.312154984] [1042] [1;32m INFO [1;37mRPI [1;34mvc4.cpp:445 [0mRegistered camera /base/soc/i2c0mux/i2c@1/ov5647@36 to Unicam device /dev/media0 and ISP device /dev/media1
[0:00:41.312284775] [1042] [1;32m INFO [1;37mRPI [1;34mpipeline_base.cpp:1111 [0mUsing configuration file '/usr/share/libcamera/pipeline/rpi/vc4/rpi_apps.yaml'
Made X/EGL preview window
Made DRM preview window
Preview window unavailable
Mode selection for 1214:972:12:P
    SGBRG10_CSI2P,640x480/0 - Score: 3163.64
    SGBRG10_CSI2P,1296x972/0 - Score: 1052.14
    SGBRG10_CSI2P,1920x1080/0 - Score: 1401.8
    SGBRG10_CSI2P,2592x1944/0 - Score: 1619.14
Stream configuration adjusted
[0:00:42.763372535] [1021] [1;32m INFO [1;37mCamera [1;34mcamera.cpp:1215 [0mconfiguring streams: (0) 1214x972-YUV420/sYCC (1) 1296x972-SGBRG10_CSI2P/RAW
[0:00:42.780264254] [1042] [1;32m INFO [1;37mRPI [1;34mvc4.cpp:620 [0mSensor: /base/soc/i2c0mux/i2c@1/ov5647@36 - Selected sensor format: 1296x972-SGBRG10_1X10/RAW - Selected unicam format: 1296x972-pGAA/RAW
#10 (0.00 fps) exp 33239.00 ag 8.00 dg 1.00
#11 (32.41 fps) exp 33239.00 ag 8.00 dg 1.00
#12 (32.40 fps) exp 33239.00 ag 8.00 dg 1.00
#13 (32.41 fps) exp 33239.00 ag 8.00 dg 1.00
#14 (32.41 fps) exp 33239.00 ag 8.00 dg 1.00
#15 (32.41 fps) exp 33239.00 ag 8.00 dg 1.00
#16 (32.41 fps) exp 33239.00 ag 8.00 dg 1.00
#17 (32.40 fps) exp 33239.00 ag 8.00 dg 1.00
#18 (32.40 fps) exp 33239.00 ag 8.00 dg 1.00
#19 (32.41 fps) exp 33239.00 ag 8.00 dg 1.00
#20 (32.41 fps) exp 33239.00 ag 8.00 dg 1.00
#21 (32.40 fps) exp 33239.00 ag 8.00 dg 1.00
#22 (32.41 fps) exp 33239.00 ag 8.00 dg 1.00
#23 (32.40 fps) exp 33239.00 ag 8.00 dg 1.00
#24 (32.41 fps) exp 33239.00 ag 8.00 dg 1.00
#25 (32.41 fps) exp 33239.00 ag 8.00 dg 1.00
#26 (32.39 fps) exp 33239.00 ag 8.00 dg 1.00
#27 (32.41 fps) exp 33239.00 ag 8.00 dg 1.00
#28 (32.41 fps) exp 33239.00 ag 8.00 dg 1.00
#29 (32.41 fps) exp 33239.00 ag 8.00 dg 1.00
#30 (32.40 fps) exp 33239.00 ag 8.00 dg 1.00
#31 (32.41 fps) exp 33239.00 ag 8.00 dg 1.00
#32 (32.41 fps) exp 33239.00 ag 8.00 dg 1.00
#33 (32.41 fps) exp 33239.00 ag 8.00 dg 1.00
#34 (32.41 fps) exp 33239.00 ag 8.00 dg 1.00
#35 (32.40 fps) exp 33239.00 ag 8.00 dg 1.00
#36 (32.41 fps) exp 33239.00 ag 8.00 dg 1.00
#37 (32.40 fps) exp 33239.00 ag 8.00 dg 1.00
#38 (32.39 fps) exp 33239.00 ag 8.00 dg 1.00
#39 (32.43 fps) exp 33239.00 ag 8.00 dg 1.00
#40 (32.40 fps) exp 33239.00 ag 8.00 dg 1.00
#41 (32.41 fps) exp 33239.00 ag 8.00 dg 1.00
#42 (32.41 fps) exp 33239.00 ag 8.00 dg 1.00
#43 (32.40 fps) exp 33239.00 ag 8.00 dg 1.00
#44 (32.41 fps) exp 33239.00 ag 8.00 dg 1.00
#45 (32.40 fps) exp 33239.00 ag 8.00 dg 1.00
#46 (32.41 fps) exp 33239.00 ag 8.00 dg 1.00
#47 (32.41 fps) exp 33239.00 ag 8.00 dg 1.00
#48 (32.41 fps) exp 33239.00 ag 8.00 dg 1.00
#49 (32.40 fps) exp 33239.00 ag 8.00 dg 1.00
#50 (32.41 fps) exp 33239.00 ag 8.00 dg 1.00
#51 (32.40 fps) exp 33239.00 ag 8.00 dg 1.00
#52 (32.41 fps) exp 33239.00 ag 8.00 dg 1.00
#53 (32.41 fps) exp 33239.00 ag 8.00 dg 1.00
#54 (32.41 fps) exp 33239.00 ag 8.00 dg 1.00
#55 (32.40 fps) exp 33239.00 ag 8.00 dg 1.00
#56 (32.41 fps) exp 33239.00 ag 8.00 dg 1.00
#57 (32.41 fps) exp 33239.00 ag 8.00 dg 1.00
#58 (32.41 fps) exp 33239.00 ag 8.00 dg 1.00
#59 (32.41 fps) exp 33239.00 ag 8.00 dg 1.00
#60 (32.41 fps) exp 33239.00 ag 8.00 dg 1.00
#61 (32.41 fps) exp 33239.00 ag 8.00 dg 1.00
#62 (32.41 fps) exp 33239.00 ag 8.00 dg 1.00
#63 (32.41 fps) exp 33239.00 ag 8.00 dg 1.00
#64 (32.41 fps) exp 33239.00 ag 8.00 dg 1.00
#65 (32.40 fps) exp 33239.00 ag 8.00 dg 1.00
#66 (32.41 fps) exp 33239.00 ag 8.00 dg 1.00
#67 (32.41 fps) exp 33239.00 ag 8.00 dg 1.00
#68 (32.40 fps) exp 33239.00 ag 8.00 dg 1.00
#69 (32.40 fps) exp 33239.00 ag 8.00 dg 1.00
#70 (32.42 fps) exp 33239.00 ag 8.00 dg 1.00
#71 (32.39 fps) exp 33239.00 ag 8.00 dg 1.00
#72 (32.41 fps) exp 33239.00 ag 8.00 dg 1.00
#73 (32.41 fps) exp 33239.00 ag 8.00 dg 1.00
#74 (32.40 fps) exp 33239.00 ag 8.00 dg 1.00
#75 (32.41 fps) exp 33239.00 ag 8.00 dg 1.00
#76 (32.41 fps) exp 33239.00 ag 8.00 dg 1.00
#77 (32.40 fps) exp 33239.00 ag 8.00 dg 1.00
#78 (32.41 fps) exp 33239.00 ag 8.00 dg 1.00
Mode selection for 320:256:12:P
    SGBRG10_CSI2P,640x480/0 - Score: 1167.25
    SGBRG10_CSI2P,1296x972/0 - Score: 1454.25
    SGBRG10_CSI2P,1920x1080/0 - Score: 1803.92
    SGBRG10_CSI2P,2592x1944/0 - Score: 2021.25
Stream configuration adjusted
[0:00:45.512130972] [1021] [1;32m INFO [1;37mCamera [1;34mcamera.cpp:1215 [0mconfiguring streams: (0) 320x256-YUV420/sYCC (1) 640x480-SGBRG10_CSI2P/RAW
[0:00:45.526651388] [1042] [1;32m INFO [1;37mRPI [1;34mvc4.cpp:620 [0mSensor: /base/soc/i2c0mux/i2c@1/ov5647@36 - Selected sensor format: 640x480-SGBRG10_1X10/RAW - Selected unicam format: 640x480-pGAA/RAW
Still capture image received
Playing WAVE 'sstv.wav' : Signed 16 bit Little Endian, Rate 48000 Hz, Mono
Run id
uid=1000(w2cxm) gid=1000(w2cxm) groups=1000(w2cxm),4(adm),20(dialout),24(cdrom),27(sudo),29(audio),44(video),46(plugdev),60(games),100(users),102(netdev),108(lpadmin),986(gpio),988(i2c),989(spi),992(render),996(input)
RAN id
[0:00:34.394084517] [1024] [1;32m INFO [1;37mCamera [1;34mcamera_manager.cpp:340 [0mlibcamera v0.6.0+rpt20251202
[0:00:34.520669986] [1044] [1;32m INFO [1;37mIPAProxy [1;34mipa_proxy.cpp:180 [0mUsing tuning file /usr/share/libcamera/ipa/rpi/vc4/ov5647.json
[0:00:34.540616861] [1044] [1;32m INFO [1;37mCamera [1;34mcamera_manager.cpp:223 [0mAdding camera '/base/soc/i2c0mux/i2c@1/ov5647@36' for pipeline handler rpi/vc4
[0:00:34.540724048] [1044] [1;32m INFO [1;37mRPI [1;34mvc4.cpp:445 [0mRegistered camera /base/soc/i2c0mux/i2c@1/ov5647@36 to Unicam device /dev/media2 and ISP device /dev/media0
[0:00:34.540783058] [1044] [1;32m INFO [1;37mRPI [1;34mpipeline_base.cpp:1111 [0mUsing configuration file '/usr/share/libcamera/pipeline/rpi/vc4/rpi_apps.yaml'
Made X/EGL preview window
Made DRM preview window
Preview window unavailable
Mode selection for 1214:972:12:P
    SGBRG10_CSI2P,640x480/0 - Score: 3163.64
    SGBRG10_CSI2P,1296x972/0 - Score: 1052.14
    SGBRG10_CSI2P,1920x1080/0 - Score: 1401.8
    SGBRG10_CSI2P,2592x1944/0 - Score: 1619.14
Stream configuration adjusted
[0:00:35.451018162] [1024] [1;32m INFO [1;37mCamera [1;34mcamera.cpp:1215 [0mconfiguring streams: (0) 1214x972-YUV420/sYCC (1) 1296x972-SGBRG10_CSI2P/RAW
[0:00:35.451561131] [1044] [1;32m INFO [1;37mRPI [1;34mvc4.cpp:620 [0mSensor: /base/soc/i2c0mux/i2c@1/ov5647@36 - Selected sensor format: 1296x972-SGBRG10_1X10/RAW - Selected unicam format: 1296x972-pGAA/RAW
#10 (0.00 fps) exp 33239.00 ag 8.00 dg 1.00
#11 (32.41 fps) exp 33239.00 ag 8.00 dg 1.00
#12 (32.41 fps) exp 33239.00 ag 8.00 dg 1.00
#13 (32.41 fps) exp 33239.00 ag 8.00 dg 1.00
#14 (32.40 fps) exp 33239.00 ag 8.00 dg 1.00
#15 (32.41 fps) exp 33239.00 ag 8.00 dg 1.00
#16 (32.40 fps) exp 33239.00 ag 8.00 dg 1.00
#17 (32.41 fps) exp 33239.00 ag 8.00 dg 1.00
#18 (32.41 fps) exp 33239.00 ag 8.00 dg 1.00
#19 (32.40 fps) exp 33239.00 ag 8.00 dg 1.00
#20 (32.41 fps) exp 33239.00 ag 8.00 dg 1.00
#21 (32.41 fps) exp 33239.00 ag 8.00 dg 1.00
#22 (32.40 fps) exp 33239.00 ag 8.00 dg 1.00
#23 (32.40 fps) exp 33239.00 ag 8.00 dg 1.00
#24 (32.41 fps) exp 33239.00 ag 8.00 dg 1.00
#25 (32.41 fps) exp 33239.00 ag 8.00 dg 1.00
#26 (32.41 fps) exp 33239.00 ag 8.00 dg 1.00
#27 (32.40 fps) exp 33239.00 ag 8.00 dg 1.00
#28 (32.41 fps) exp 33239.00 ag 8.00 dg 1.00
#29 (32.40 fps) exp 33239.00 ag 8.00 dg 1.00
#30 (32.41 fps) exp 33239.00 ag 8.00 dg 1.00
#31 (32.41 fps) exp 33239.00 ag 8.00 dg 1.00
#32 (32.39 fps) exp 33239.00 ag 8.00 dg 1.00
#33 (32.42 fps) exp 33239.00 ag 8.00 dg 1.00
#34 (32.40 fps) exp 33239.00 ag 8.00 dg 1.00
#35 (32.37 fps) exp 33239.00 ag 8.00 dg 1.00
#36 (32.41 fps) exp 33239.00 ag 8.00 dg 1.00
#37 (32.44 fps) exp 33239.00 ag 8.00 dg 1.00
#38 (32.41 fps) exp 33239.00 ag 8.00 dg 1.00
#39 (32.40 fps) exp 33239.00 ag 8.00 dg 1.00
#40 (32.41 fps) exp 33239.00 ag 8.00 dg 1.00
#41 (32.41 fps) exp 33239.00 ag 8.00 dg 1.00
#42 (32.41 fps) exp 33239.00 ag 8.00 dg 1.00
#43 (32.40 fps) exp 33239.00 ag 8.00 dg 1.00
#44 (32.41 fps) exp 33239.00 ag 8.00 dg 1.00
#45 (32.40 fps) exp 33239.00 ag 8.00 dg 1.00
#46 (32.41 fps) exp 33239.00 ag 8.00 dg 1.00
#47 (32.41 fps) exp 33239.00 ag 8.00 dg 1.00
#48 (32.41 fps) exp 33239.00 ag 8.00 dg 1.00
#49 (32.41 fps) exp 33239.00 ag 8.00 dg 1.00
#50 (32.41 fps) exp 33239.00 ag 8.00 dg 1.00
#51 (32.41 fps) exp 33239.00 ag 8.00 dg 1.00
#52 (32.41 fps) exp 33239.00 ag 8.00 dg 1.00
#53 (32.40 fps) exp 33239.00 ag 8.00 dg 1.00
#54 (32.41 fps) exp 33239.00 ag 8.00 dg 1.00
#55 (32.40 fps) exp 33239.00 ag 8.00 dg 1.00
#56 (32.41 fps) exp 33239.00 ag 8.00 dg 1.00
#57 (32.41 fps) exp 33239.00 ag 8.00 dg 1.00
#58 (32.41 fps) exp 33239.00 ag 8.00 dg 1.00
#59 (32.41 fps) exp 33239.00 ag 8.00 dg 1.00
#60 (32.40 fps) exp 33239.00 ag 8.00 dg 1.00
#61 (32.41 fps) exp 33239.00 ag 8.00 dg 1.00
#62 (32.41 fps) exp 33239.00 ag 8.00 dg 1.00
#63 (32.41 fps) exp 33239.00 ag 8.00 dg 1.00
#64 (32.40 fps) exp 33239.00 ag 8.00 dg 1.00
#65 (32.41 fps) exp 33239.00 ag 8.00 dg 1.00
#66 (32.40 fps) exp 33239.00 ag 8.00 dg 1.00
#67 (32.39 fps) exp 33239.00 ag 8.00 dg 1.00
#68 (32.43 fps) exp 33239.00 ag 8.00 dg 1.00
#69 (32.40 fps) exp 33239.00 ag 8.00 dg 1.00
#70 (32.41 fps) exp 33239.00 ag 8.00 dg 1.00
#71 (32.41 fps) exp 33239.00 ag 8.00 dg 1.00
#72 (32.41 fps) exp 33239.00 ag 8.00 dg 1.00
#73 (32.41 fps) exp 33239.00 ag 8.00 dg 1.00
#74 (32.41 fps) exp 33239.00 ag 8.00 dg 1.00
#75 (32.40 fps) exp 33239.00 ag 8.00 dg 1.00
#76 (32.41 fps) exp 33239.00 ag 8.00 dg 1.00
#77 (32.41 fps) exp 33239.00 ag 8.00 dg 1.00
#78 (32.41 fps) exp 33239.00 ag 8.00 dg 1.00
#79 (32.41 fps) exp 33239.00 ag 8.00 dg 1.00
#80 (32.41 fps) exp 33239.00 ag 8.00 dg 1.00
#81 (32.41 fps) exp 33239.00 ag 8.00 dg 1.00
#82 (32.40 fps) exp 33239.00 ag 8.00 dg 1.00
#83 (32.41 fps) exp 33239.00 ag 8.00 dg 1.00
#84 (32.40 fps) exp 33239.00 ag 8.00 dg 1.00
#85 (32.40 fps) exp 33239.00 ag 8.00 dg 1.00
#86 (32.41 fps) exp 33239.00 ag 8.00 dg 1.00
#87 (32.41 fps) exp 33239.00 ag 8.00 dg 1.00
#88 (32.41 fps) exp 33239.00 ag 8.00 dg 1.00
#89 (32.40 fps) exp 33239.00 ag 8.00 dg 1.00
#90 (32.41 fps) exp 33239.00 ag 8.00 dg 1.00
#91 (32.41 fps) exp 33239.00 ag 8.00 dg 1.00
#92 (32.40 fps) exp 33239.00 ag 8.00 dg 1.00
#93 (32.41 fps) exp 33239.00 ag 8.00 dg 1.00
#94 (32.40 fps) exp 33239.00 ag 8.00 dg 1.00
#95 (32.40 fps) exp 33239.00 ag 8.00 dg 1.00
#96 (32.42 fps) exp 33239.00 ag 8.00 dg 1.00
#97 (32.40 fps) exp 33239.00 ag 8.00 dg 1.00
#98 (32.41 fps) exp 33239.00 ag 8.00 dg 1.00
#99 (32.41 fps) exp 33239.00 ag 8.00 dg 1.00
#100 (32.41 fps) exp 33239.00 ag 8.00 dg 1.00
#101 (32.41 fps) exp 33239.00 ag 8.00 dg 1.00
#102 (32.40 fps) exp 33239.00 ag 8.00 dg 1.00
#103 (32.41 fps) exp 33239.00 ag 8.00 dg 1.00
#104 (32.40 fps) exp 33239.00 ag 8.00 dg 1.00
#105 (32.41 fps) exp 33239.00 ag 8.00 dg 1.00
#106 (32.41 fps) exp 33239.00 ag 8.00 dg 1.00
#107 (32.41 fps) exp 33239.00 ag 8.00 dg 1.00
#108 (32.40 fps) exp 33239.00 ag 8.00 dg 1.00
#109 (32.40 fps) exp 33239.00 ag 8.00 dg 1.00
#110 (32.41 fps) exp 33239.00 ag 8.00 dg 1.00
#111 (32.41 fps) exp 33239.00 ag 8.00 dg 1.00
#112 (32.41 fps) exp 33239.00 ag 8.00 dg 1.00
#113 (32.40 fps) exp 33239.00 ag 8.00 dg 1.00
#114 (32.41 fps) exp 33239.00 ag 8.00 dg 1.00
#115 (32.41 fps) exp 33239.00 ag 8.00 dg 1.00
#116 (32.41 fps) exp 33239.00 ag 8.00 dg 1.00
#117 (32.41 fps) exp 33239.00 ag 8.00 dg 1.00
#118 (32.41 fps) exp 33239.00 ag 8.00 dg 1.00
#119 (32.40 fps) exp 33239.00 ag 8.00 dg 1.00
#120 (32.41 fps) exp 33239.00 ag 8.00 dg 1.00
#121 (32.41 fps) exp 33239.00 ag 8.00 dg 1.00
#122 (32.41 fps) exp 33239.00 ag 8.00 dg 1.00
#123 (32.41 fps) exp 33239.00 ag 8.00 dg 1.00
#124 (32.40 fps) exp 33239.00 ag 8.00 dg 1.00
#125 (32.40 fps) exp 33239.00 ag 8.00 dg 1.00
#126 (32.41 fps) exp 33239.00 ag 8.00 dg 1.00
#127 (32.41 fps) exp 33239.00 ag 8.00 dg 1.00
#128 (32.41 fps) exp 33239.00 ag 8.00 dg 1.00
#129 (32.41 fps) exp 33239.00 ag 8.00 dg 1.00
#130 (32.41 fps) exp 33239.00 ag 8.00 dg 1.00
#131 (32.41 fps) exp 33239.00 ag 8.00 dg 1.00
#132 (32.39 fps) exp 33239.00 ag 8.00 dg 1.00
#133 (32.42 fps) exp 33239.00 ag 8.00 dg 1.00
#134 (32.40 fps) exp 33239.00 ag 8.00 dg 1.00
#135 (32.41 fps) exp 33239.00 ag 8.00 dg 1.00
#136 (32.41 fps) exp 33239.00 ag 8.00 dg 1.00
#137 (32.40 fps) exp 33239.00 ag 8.00 dg 1.00
#138 (32.41 fps) exp 33239.00 ag 8.00 dg 1.00
#139 (32.41 fps) exp 33239.00 ag 8.00 dg 1.00
#140 (32.40 fps) exp 33239.00 ag 8.00 dg 1.00
#141 (32.41 fps) exp 33239.00 ag 8.00 dg 1.00
#142 (32.41 fps) exp 33239.00 ag 8.00 dg 1.00
#143 (32.41 fps) exp 33239.00 ag 8.00 dg 1.00
#144 (32.40 fps) exp 33239.00 ag 8.00 dg 1.00
#145 (32.41 fps) exp 33239.00 ag 8.00 dg 1.00
#146 (32.41 fps) exp 33239.00 ag 8.00 dg 1.00
#147 (32.41 fps) exp 33239.00 ag 8.00 dg 1.00
#148 (32.41 fps) exp 33239.00 ag 8.00 dg 1.00
#149 (32.40 fps) exp 33239.00 ag 8.00 dg 1.00
#150 (32.41 fps) exp 33239.00 ag 8.00 dg 1.00
#151 (32.41 fps) exp 33239.00 ag 8.00 dg 1.00
#152 (32.41 fps) exp 33239.00 ag 8.00 dg 1.00
#153 (32.41 fps) exp 33239.00 ag 8.00 dg 1.00
#154 (32.41 fps) exp 33239.00 ag 8.00 dg 1.00
#155 (32.41 fps) exp 33239.00 ag 8.00 dg 1.00
#156 (32.40 fps) exp 33239.00 ag 8.00 dg 1.00
#157 (32.41 fps) exp 33239.00 ag 8.00 dg 1.00
Mode selection for 320:256:12:P
    SGBRG10_CSI2P,640x480/0 - Score: 1167.25
    SGBRG10_CSI2P,1296x972/0 - Score: 1454.25
    SGBRG10_CSI2P,1920x1080/0 - Score: 1803.92
    SGBRG10_CSI2P,2592x1944/0 - Score: 2021.25
Stream configuration adjusted
[0:00:40.503834462] [1024] [1;32m INFO [1;37mCamera [1;34mcamera.cpp:1215 [0mconfiguring streams: (0) 320x256-YUV420/sYCC (1) 640x480-SGBRG10_CSI2P/RAW
[0:00:40.507055921] [1044] [1;32m INFO [1;37mRPI [1;34mvc4.cpp:620 [0mSensor: /base/soc/i2c0mux/i2c@1/ov5647@36 - Selected sensor format: 640x480-SGBRG10_1X10/RAW - Selected unicam format: 640x480-pGAA/RAW
Still capture image received
Playing WAVE 'sstv.wav' : Signed 16 bit Little Endian, Rate 48000 Hz, Mono
Run id
uid=1000(w2cxm) gid=1000(w2cxm) groups=1000(w2cxm),4(adm),20(dialout),24(cdrom),27(sudo),29(audio),44(video),46(plugdev),60(games),100(users),102(netdev),108(lpadmin),986(gpio),988(i2c),989(spi),992(render),996(input)
RAN id
[0:00:46.801143575] [1020] [1;32m INFO [1;37mCamera [1;34mcamera_manager.cpp:340 [0mlibcamera v0.6.0+rpt20251202
[0:00:47.233760919] [1033] [1;32m INFO [1;37mIPAProxy [1;34mipa_proxy.cpp:180 [0mUsing tuning file /usr/share/libcamera/ipa/rpi/vc4/ov5647.json
[0:00:47.344550762] [1033] [1;32m INFO [1;37mCamera [1;34mcamera_manager.cpp:223 [0mAdding camera '/base/soc/i2c0mux/i2c@1/ov5647@36' for pipeline handler rpi/vc4
[0:00:47.344746856] [1033] [1;32m INFO [1;37mRPI [1;34mvc4.cpp:445 [0mRegistered camera /base/soc/i2c0mux/i2c@1/ov5647@36 to Unicam device /dev/media1 and ISP device /dev/media0
[0:00:47.344858158] [1033] [1;32m INFO [1;37mRPI [1;34mpipeline_base.cpp:1111 [0mUsing configuration file '/usr/share/libcamera/pipeline/rpi/vc4/rpi_apps.yaml'
Made X/EGL preview window
Made DRM preview window
Preview window unavailable
Mode selection for 1214:972:12:P
    SGBRG10_CSI2P,640x480/0 - Score: 3163.64
    SGBRG10_CSI2P,1296x972/0 - Score: 1052.14
    SGBRG10_CSI2P,1920x1080/0 - Score: 1401.8
    SGBRG10_CSI2P,2592x1944/0 - Score: 1619.14
Stream configuration adjusted
[0:00:49.020870710] [1020] [1;32m INFO [1;37mCamera [1;34mcamera.cpp:1215 [0mconfiguring streams: (0) 1214x972-YUV420/sYCC (1) 1296x972-SGBRG10_CSI2P/RAW
[0:00:49.022578522] [1033] [1;32m INFO [1;37mRPI [1;34mvc4.cpp:620 [0mSensor: /base/soc/i2c0mux/i2c@1/ov5647@36 - Selected sensor format: 1296x972-SGBRG10_1X10/RAW - Selected unicam format: 1296x972-pGAA/RAW
#10 (0.00 fps) exp 33239.00 ag 8.00 dg 1.00
#11 (32.41 fps) exp 33239.00 ag 8.00 dg 1.00
#12 (32.41 fps) exp 33239.00 ag 8.00 dg 1.00
#13 (32.40 fps) exp 33239.00 ag 8.00 dg 1.00
#14 (32.40 fps) exp 33239.00 ag 8.00 dg 1.00
#15 (32.41 fps) exp 33239.00 ag 8.00 dg 1.00
#16 (32.40 fps) exp 33239.00 ag 8.00 dg 1.00
#17 (32.41 fps) exp 33239.00 ag 8.00 dg 1.00
#18 (32.41 fps) exp 33239.00 ag 8.00 dg 1.00
#19 (32.41 fps) exp 33239.00 ag 8.00 dg 1.00
#20 (32.40 fps) exp 33239.00 ag 8.00 dg 1.00
#21 (32.40 fps) exp 33239.00 ag 8.00 dg 1.00
#22 (32.41 fps) exp 33239.00 ag 8.00 dg 1.00
#23 (32.41 fps) exp 33239.00 ag 8.00 dg 1.00
#24 (32.40 fps) exp 33239.00 ag 8.00 dg 1.00
#25 (32.41 fps) exp 33239.00 ag 8.00 dg 1.00
#26 (32.41 fps) exp 33239.00 ag 8.00 dg 1.00
#27 (32.41 fps) exp 33239.00 ag 8.00 dg 1.00
#28 (32.41 fps) exp 33239.00 ag 8.00 dg 1.00
#29 (32.40 fps) exp 33239.00 ag 8.00 dg 1.00
#30 (32.41 fps) exp 33239.00 ag 8.00 dg 1.00
#31 (32.40 fps) exp 33239.00 ag 8.00 dg 1.00
#32 (32.41 fps) exp 33239.00 ag 8.00 dg 1.00
#33 (32.41 fps) exp 33239.00 ag 8.00 dg 1.00
#34 (32.41 fps) exp 33239.00 ag 8.00 dg 1.00
#35 (32.40 fps) exp 33239.00 ag 8.00 dg 1.00
#36 (32.41 fps) exp 33239.00 ag 8.00 dg 1.00
#37 (32.40 fps) exp 33239.00 ag 8.00 dg 1.00
#38 (32.40 fps) exp 33239.00 ag 8.00 dg 1.00
#39 (32.42 fps) exp 33239.00 ag 8.00 dg 1.00
#40 (32.40 fps) exp 33239.00 ag 8.00 dg 1.00
#41 (32.41 fps) exp 33239.00 ag 8.00 dg 1.00
#42 (32.41 fps) exp 33239.00 ag 8.00 dg 1.00
#43 (32.41 fps) exp 33239.00 ag 8.00 dg 1.00
#44 (32.40 fps) exp 33239.00 ag 8.00 dg 1.00
#45 (32.41 fps) exp 33239.00 ag 8.00 dg 1.00
#46 (32.41 fps) exp 33239.00 ag 8.00 dg 1.00
#47 (32.41 fps) exp 33239.00 ag 8.00 dg 1.00
#48 (32.41 fps) exp 33239.00 ag 8.00 dg 1.00
#49 (32.41 fps) exp 33239.00 ag 8.00 dg 1.00
#50 (32.41 fps) exp 33239.00 ag 8.00 dg 1.00
#51 (32.40 fps) exp 33239.00 ag 8.00 dg 1.00
#52 (32.41 fps) exp 33239.00 ag 8.00 dg 1.00
#53 (32.40 fps) exp 33239.00 ag 8.00 dg 1.00
#54 (32.41 fps) exp 33239.00 ag 8.00 dg 1.00
#55 (32.40 fps) exp 33239.00 ag 8.00 dg 1.00
#56 (32.41 fps) exp 33239.00 ag 8.00 dg 1.00
#57 (32.41 fps) exp 33239.00 ag 8.00 dg 1.00
#58 (32.41 fps) exp 33239.00 ag 8.00 dg 1.00
#59 (32.40 fps) exp 33239.00 ag 8.00 dg 1.00
#60 (32.41 fps) exp 33239.00 ag 8.00 dg 1.00
#61 (32.41 fps) exp 33239.00 ag 8.00 dg 1.00
#62 (32.40 fps) exp 33239.00 ag 8.00 dg 1.00
#63 (32.41 fps) exp 33239.00 ag 8.00 dg 1.00
#64 (32.41 fps) exp 33239.00 ag 8.00 dg 1.00
#65 (32.41 fps) exp 33239.00 ag 8.00 dg 1.00
#66 (32.40 fps) exp 33239.00 ag 8.00 dg 1.00
#67 (32.41 fps) exp 33239.00 ag 8.00 dg 1.00
#68 (32.40 fps) exp 33239.00 ag 8.00 dg 1.00
#69 (32.42 fps) exp 33239.00 ag 8.00 dg 1.00
#70 (32.41 fps) exp 33239.00 ag 8.00 dg 1.00
#71 (32.41 fps) exp 33239.00 ag 8.00 dg 1.00
#72 (32.41 fps) exp 33239.00 ag 8.00 dg 1.00
#73 (32.39 fps) exp 33239.00 ag 8.00 dg 1.00
#74 (32.42 fps) exp 33239.00 ag 8.00 dg 1.00
#75 (32.41 fps) exp 33239.00 ag 8.00 dg 1.00
#76 (32.41 fps) exp 33239.00 ag 8.00 dg 1.00
#77 (32.41 fps) exp 33239.00 ag 8.00 dg 1.00
#78 (32.41 fps) exp 33239.00 ag 8.00 dg 1.00
#79 (32.41 fps) exp 33239.00 ag 8.00 dg 1.00
#80 (32.40 fps) exp 33239.00 ag 8.00 dg 1.00
#81 (32.41 fps) exp 33239.00 ag 8.00 dg 1.00
#82 (32.40 fps) exp 33239.00 ag 8.00 dg 1.00
#83 (32.42 fps) exp 33239.00 ag 8.00 dg 1.00
#84 (32.40 fps) exp 33239.00 ag 8.00 dg 1.00
#85 (32.40 fps) exp 33239.00 ag 8.00 dg 1.00
#86 (32.42 fps) exp 33239.00 ag 8.00 dg 1.00
#87 (32.41 fps) exp 33239.00 ag 8.00 dg 1.00
#88 (32.40 fps) exp 33239.00 ag 8.00 dg 1.00
#89 (32.42 fps) exp 33239.00 ag 8.00 dg 1.00
#90 (32.41 fps) exp 33239.00 ag 8.00 dg 1.00
#91 (32.39 fps) exp 33239.00 ag 8.00 dg 1.00
#92 (32.41 fps) exp 33239.00 ag 8.00 dg 1.00
#93 (32.41 fps) exp 33239.00 ag 8.00 dg 1.00
#94 (32.40 fps) exp 33239.00 ag 8.00 dg 1.00
#95 (32.40 fps) exp 33239.00 ag 8.00 dg 1.00
#96 (32.41 fps) exp 33239.00 ag 8.00 dg 1.00
#97 (32.41 fps) exp 33239.00 ag 8.00 dg 1.00
#98 (32.40 fps) exp 33239.00 ag 8.00 dg 1.00
#99 (32.40 fps) exp 33239.00 ag 8.00 dg 1.00
#100 (32.41 fps) exp 33239.00 ag 8.00 dg 1.00
#101 (32.38 fps) exp 33239.00 ag 8.00 dg 1.00
#102 (32.41 fps) exp 33239.00 ag 8.00 dg 1.00
#103 (32.43 fps) exp 33239.00 ag 8.00 dg 1.00
#104 (32.38 fps) exp 33239.00 ag 8.00 dg 1.00
#105 (32.43 fps) exp 33239.00 ag 8.00 dg 1.00
#106 (32.41 fps) exp 33239.00 ag 8.00 dg 1.00
#107 (32.41 fps) exp 33239.00 ag 8.00 dg 1.00
#108 (32.41 fps) exp 33239.00 ag 8.00 dg 1.00
#109 (32.41 fps) exp 33239.00 ag 8.00 dg 1.00
#110 (32.41 fps) exp 33239.00 ag 8.00 dg 1.00
#111 (32.40 fps) exp 33239.00 ag 8.00 dg 1.00
#112 (32.41 fps) exp 33239.00 ag 8.00 dg 1.00
#113 (32.37 fps) exp 33239.00 ag 8.00 dg 1.00
#114 (32.44 fps) exp 33239.00 ag 8.00 dg 1.00
#115 (32.40 fps) exp 33239.00 ag 8.00 dg 1.00
#116 (32.41 fps) exp 33239.00 ag 8.00 dg 1.00
#117 (32.40 fps) exp 33239.00 ag 8.00 dg 1.00
#118 (32.41 fps) exp 33239.00 ag 8.00 dg 1.00
#119 (32.41 fps) exp 33239.00 ag 8.00 dg 1.00
#120 (32.42 fps) exp 33239.00 ag 8.00 dg 1.00
#121 (32.39 fps) exp 33239.00 ag 8.00 dg 1.00
#122 (32.42 fps) exp 33239.00 ag 8.00 dg 1.00
#123 (32.41 fps) exp 33239.00 ag 8.00 dg 1.00
#124 (32.41 fps) exp 33239.00 ag 8.00 dg 1.00
#125 (32.40 fps) exp 33239.00 ag 8.00 dg 1.00
#126 (32.41 fps) exp 33239.00 ag 8.00 dg 1.00
#127 (32.39 fps) exp 33239.00 ag 8.00 dg 1.00
#128 (32.42 fps) exp 33239.00 ag 8.00 dg 1.00
#129 (32.40 fps) exp 33239.00 ag 8.00 dg 1.00
#130 (32.40 fps) exp 33239.00 ag 8.00 dg 1.00
#131 (32.41 fps) exp 33239.00 ag 8.00 dg 1.00
#132 (32.41 fps) exp 33239.00 ag 8.00 dg 1.00
#133 (32.40 fps) exp 33239.00 ag 8.00 dg 1.00
#134 (32.40 fps) exp 33239.00 ag 8.00 dg 1.00
#135 (32.41 fps) exp 33239.00 ag 8.00 dg 1.00
#136 (32.41 fps) exp 33239.00 ag 8.00 dg 1.00
#137 (32.41 fps) exp 33239.00 ag 8.00 dg 1.00
#138 (32.41 fps) exp 33239.00 ag 8.00 dg 1.00
#139 (32.40 fps) exp 33239.00 ag 8.00 dg 1.00
#140 (32.41 fps) exp 33239.00 ag 8.00 dg 1.00
#141 (32.41 fps) exp 33239.00 ag 8.00 dg 1.00
#142 (32.40 fps) exp 33239.00 ag 8.00 dg 1.00
#143 (32.41 fps) exp 33239.00 ag 8.00 dg 1.00
#144 (32.40 fps) exp 33239.00 ag 8.00 dg 1.00
#145 (32.41 fps) exp 33239.00 ag 8.00 dg 1.00
#146 (32.41 fps) exp 33239.00 ag 8.00 dg 1.00
#147 (32.41 fps) exp 33239.00 ag 8.00 dg 1.00
#148 (32.40 fps) exp 33239.00 ag 8.00 dg 1.00
#149 (32.42 fps) exp 33239.00 ag 8.00 dg 1.00
#150 (32.41 fps) exp 33239.00 ag 8.00 dg 1.00
#151 (32.40 fps) exp 33239.00 ag 8.00 dg 1.00
#152 (32.41 fps) exp 33239.00 ag 8.00 dg 1.00
#153 (32.40 fps) exp 33239.00 ag 8.00 dg 1.00
#154 (32.41 fps) exp 33239.00 ag 8.00 dg 1.00
#155 (32.41 fps) exp 33239.00 ag 8.00 dg 1.00
#156 (32.40 fps) exp 33239.00 ag 8.00 dg 1.00
Mode selection for 320:256:12:P
    SGBRG10_CSI2P,640x480/0 - Score: 1167.25
    SGBRG10_CSI2P,1296x972/0 - Score: 1454.25
    SGBRG10_CSI2P,1920x1080/0 - Score: 1803.92
    SGBRG10_CSI2P,2592x1944/0 - Score: 2021.25
Stream configuration adjusted
[0:00:54.116616281] [1020] [1;32m INFO [1;37mCamera [1;34mcamera.cpp:1215 [0mconfiguring streams: (0) 320x256-YUV420/sYCC (1) 640x480-SGBRG10_CSI2P/RAW
[0:00:54.123140239] [1033] [1;32m INFO [1;37mRPI [1;34mvc4.cpp:620 [0mSensor: /base/soc/i2c0mux/i2c@1/ov5647@36 - Selected sensor format: 640x480-SGBRG10_1X10/RAW - Selected unicam format: 640x480-pGAA/RAW
Still capture image received
Playing WAVE 'sstv.wav' : Signed 16 bit Little Endian, Rate 48000 Hz, Mono
Run id
uid=1000(w2cxm) gid=1000(w2cxm) groups=1000(w2cxm),4(adm),20(dialout),24(cdrom),27(sudo),29(audio),44(video),46(plugdev),60(games),100(users),102(netdev),108(lpadmin),986(gpio),988(i2c),989(spi),992(render),996(input)
RAN id
[0:00:47.174952273] [1022] [1;32m INFO [1;37mCamera [1;34mcamera_manager.cpp:340 [0mlibcamera v0.6.0+rpt20251202
[0:00:47.487175658] [1042] [1;32m INFO [1;37mIPAProxy [1;34mipa_proxy.cpp:180 [0mUsing tuning file /usr/share/libcamera/ipa/rpi/vc4/ov5647.json
[0:00:47.545439877] [1042] [1;32m INFO [1;37mCamera [1;34mcamera_manager.cpp:223 [0mAdding camera '/base/soc/i2c0mux/i2c@1/ov5647@36' for pipeline handler rpi/vc4
[0:00:47.545684408] [1042] [1;32m INFO [1;37mRPI [1;34mvc4.cpp:445 [0mRegistered camera /base/soc/i2c0mux/i2c@1/ov5647@36 to Unicam device /dev/media0 and ISP device /dev/media1
[0:00:47.545884720] [1042] [1;32m INFO [1;37mRPI [1;34mpipeline_base.cpp:1111 [0mUsing configuration file '/usr/share/libcamera/pipeline/rpi/vc4/rpi_apps.yaml'
Made X/EGL preview window
Made DRM preview window
Preview window unavailable
Mode selection for 1214:972:12:P
    SGBRG10_CSI2P,640x480/0 - Score: 3163.64
    SGBRG10_CSI2P,1296x972/0 - Score: 1052.14
    SGBRG10_CSI2P,1920x1080/0 - Score: 1401.8
    SGBRG10_CSI2P,2592x1944/0 - Score: 1619.14
Stream configuration adjusted
[0:00:48.953763835] [1022] [1;32m INFO [1;37mCamera [1;34mcamera.cpp:1215 [0mconfiguring streams: (0) 1214x972-YUV420/sYCC (1) 1296x972-SGBRG10_CSI2P/RAW
[0:00:48.954892168] [1042] [1;32m INFO [1;37mRPI [1;34mvc4.cpp:620 [0mSensor: /base/soc/i2c0mux/i2c@1/ov5647@36 - Selected sensor format: 1296x972-SGBRG10_1X10/RAW - Selected unicam format: 1296x972-pGAA/RAW
#10 (0.00 fps) exp 33239.00 ag 8.00 dg 1.00
#11 (32.41 fps) exp 33239.00 ag 8.00 dg 1.00
#12 (32.40 fps) exp 33239.00 ag 8.00 dg 1.00
#13 (32.41 fps) exp 33239.00 ag 8.00 dg 1.00
#14 (32.41 fps) exp 33239.00 ag 8.00 dg 1.00
#15 (32.41 fps) exp 33239.00 ag 8.00 dg 1.00
#16 (32.41 fps) exp 33239.00 ag 8.00 dg 1.00
#17 (32.41 fps) exp 33239.00 ag 8.00 dg 1.00
#18 (32.41 fps) exp 33239.00 ag 8.00 dg 1.00
#19 (32.40 fps) exp 33239.00 ag 8.00 dg 1.00
#20 (32.41 fps) exp 33239.00 ag 8.00 dg 1.00
#21 (32.41 fps) exp 33239.00 ag 8.00 dg 1.00
#22 (32.40 fps) exp 33239.00 ag 8.00 dg 1.00
#23 (32.41 fps) exp 33239.00 ag 8.00 dg 1.00
#24 (32.41 fps) exp 33239.00 ag 8.00 dg 1.00
#25 (32.41 fps) exp 33239.00 ag 8.00 dg 1.00
#26 (32.41 fps) exp 33239.00 ag 8.00 dg 1.00
#27 (32.41 fps) exp 33239.00 ag 8.00 dg 1.00
#28 (32.40 fps) exp 33239.00 ag 8.00 dg 1.00
#29 (32.41 fps) exp 33239.00 ag 8.00 dg 1.00
#30 (32.41 fps) exp 33239.00 ag 8.00 dg 1.00
#31 (32.41 fps) exp 33239.00 ag 8.00 dg 1.00
#32 (32.40 fps) exp 33239.00 ag 8.00 dg 1.00
#33 (32.41 fps) exp 33239.00 ag 8.00 dg 1.00
#34 (32.41 fps) exp 33239.00 ag 8.00 dg 1.00
#35 (32.39 fps) exp 33239.00 ag 8.00 dg 1.00
#36 (32.42 fps) exp 33239.00 ag 8.00 dg 1.00
#37 (32.41 fps) exp 33239.00 ag 8.00 dg 1.00
#38 (32.40 fps) exp 33239.00 ag 8.00 dg 1.00
#39 (32.41 fps) exp 33239.00 ag 8.00 dg 1.00
#40 (32.40 fps) exp 33239.00 ag 8.00 dg 1.00
#41 (32.39 fps) exp 33239.00 ag 8.00 dg 1.00
#42 (32.43 fps) exp 33239.00 ag 8.00 dg 1.00
#43 (32.40 fps) exp 33239.00 ag 8.00 dg 1.00
#44 (32.41 fps) exp 33239.00 ag 8.00 dg 1.00
#45 (32.41 fps) exp 33239.00 ag 8.00 dg 1.00
#46 (32.40 fps) exp 33239.00 ag 8.00 dg 1.00
#47 (32.41 fps) exp 33239.00 ag 8.00 dg 1.00
#48 (32.40 fps) exp 33239.00 ag 8.00 dg 1.00
#49 (32.40 fps) exp 33239.00 ag 8.00 dg 1.00
#50 (32.40 fps) exp 33239.00 ag 8.00 dg 1.00
#51 (32.42 fps) exp 33239.00 ag 8.00 dg 1.00
#52 (32.41 fps) exp 33239.00 ag 8.00 dg 1.00
#53 (32.41 fps) exp 33239.00 ag 8.00 dg 1.00
#54 (32.40 fps) exp 33239.00 ag 8.00 dg 1.00
#55 (32.41 fps) exp 33239.00 ag 8.00 dg 1.00
#56 (32.40 fps) exp 33239.00 ag 8.00 dg 1.00
#57 (32.41 fps) exp 33239.00 ag 8.00 dg 1.00
#58 (32.41 fps) exp 33239.00 ag 8.00 dg 1.00
#59 (32.41 fps) exp 33239.00 ag 8.00 dg 1.00
#60 (32.40 fps) exp 33239.00 ag 8.00 dg 1.00
#61 (32.41 fps) exp 33239.00 ag 8.00 dg 1.00
#62 (32.41 fps) exp 33239.00 ag 8.00 dg 1.00
#63 (32.40 fps) exp 33239.00 ag 8.00 dg 1.00
#64 (32.39 fps) exp 33239.00 ag 8.00 dg 1.00
#65 (32.43 fps) exp 33239.00 ag 8.00 dg 1.00
#66 (32.40 fps) exp 33239.00 ag 8.00 dg 1.00
#67 (32.41 fps) exp 33239.00 ag 8.00 dg 1.00
#68 (32.40 fps) exp 33239.00 ag 8.00 dg 1.00
#69 (32.41 fps) exp 33239.00 ag 8.00 dg 1.00
#70 (32.37 fps) exp 33239.00 ag 8.00 dg 1.00
#71 (32.44 fps) exp 33239.00 ag 8.00 dg 1.00
#72 (32.42 fps) exp 33239.00 ag 8.00 dg 1.00
#73 (32.41 fps) exp 33239.00 ag 8.00 dg 1.00
#74 (32.41 fps) exp 33239.00 ag 8.00 dg 1.00
#75 (32.40 fps) exp 33239.00 ag 8.00 dg 1.00
#76 (32.39 fps) exp 33239.00 ag 8.00 dg 1.00
#77 (32.43 fps) exp 33239.00 ag 8.00 dg 1.00
#78 (32.41 fps) exp 33239.00 ag 8.00 dg 1.00
#79 (32.41 fps) exp 33239.00 ag 8.00 dg 1.00
#80 (32.41 fps) exp 33239.00 ag 8.00 dg 1.00
#81 (32.41 fps) exp 33239.00 ag 8.00 dg 1.00
#82 (32.41 fps) exp 33239.00 ag 8.00 dg 1.00
#83 (32.40 fps) exp 33239.00 ag 8.00 dg 1.00
#84 (32.41 fps) exp 33239.00 ag 8.00 dg 1.00
#85 (32.41 fps) exp 33239.00 ag 8.00 dg 1.00
#86 (32.40 fps) exp 33239.00 ag 8.00 dg 1.00
#87 (32.41 fps) exp 33239.00 ag 8.00 dg 1.00
#88 (32.41 fps) exp 33239.00 ag 8.00 dg 1.00
#89 (32.40 fps) exp 33239.00 ag 8.00 dg 1.00
#90 (32.41 fps) exp 33239.00 ag 8.00 dg 1.00
#91 (32.41 fps) exp 33239.00 ag 8.00 dg 1.00
#92 (32.41 fps) exp 33239.00 ag 8.00 dg 1.00
#93 (32.40 fps) exp 33239.00 ag 8.00 dg 1.00
#94 (32.40 fps) exp 33239.00 ag 8.00 dg 1.00
#95 (32.41 fps) exp 33239.00 ag 8.00 dg 1.00
#96 (32.41 fps) exp 33239.00 ag 8.00 dg 1.00
#97 (32.41 fps) exp 33239.00 ag 8.00 dg 1.00
#98 (32.40 fps) exp 33239.00 ag 8.00 dg 1.00
#99 (32.41 fps) exp 33239.00 ag 8.00 dg 1.00
#100 (32.41 fps) exp 33239.00 ag 8.00 dg 1.00
#101 (32.40 fps) exp 33239.00 ag 8.00 dg 1.00
#102 (32.41 fps) exp 33239.00 ag 8.00 dg 1.00
#103 (32.40 fps) exp 33239.00 ag 8.00 dg 1.00
#104 (32.41 fps) exp 33239.00 ag 8.00 dg 1.00
#105 (32.40 fps) exp 33239.00 ag 8.00 dg 1.00
#106 (32.40 fps) exp 33239.00 ag 8.00 dg 1.00
#107 (32.41 fps) exp 33239.00 ag 8.00 dg 1.00
#108 (32.39 fps) exp 33239.00 ag 8.00 dg 1.00
#109 (32.43 fps) exp 33239.00 ag 8.00 dg 1.00
#110 (32.41 fps) exp 33239.00 ag 8.00 dg 1.00
#111 (32.40 fps) exp 33239.00 ag 8.00 dg 1.00
#112 (32.41 fps) exp 33239.00 ag 8.00 dg 1.00
#113 (32.41 fps) exp 33239.00 ag 8.00 dg 1.00
#114 (32.40 fps) exp 33239.00 ag 8.00 dg 1.00
#115 (32.41 fps) exp 33239.00 ag 8.00 dg 1.00
#116 (32.41 fps) exp 33239.00 ag 8.00 dg 1.00
#117 (32.40 fps) exp 33239.00 ag 8.00 dg 1.00
#118 (32.41 fps) exp 33239.00 ag 8.00 dg 1.00
#119 (32.41 fps) exp 33239.00 ag 8.00 dg 1.00
#120 (32.41 fps) exp 33239.00 ag 8.00 dg 1.00
#121 (32.41 fps) exp 33239.00 ag 8.00 dg 1.00
#122 (32.41 fps) exp 33239.00 ag 8.00 dg 1.00
#123 (32.40 fps) exp 33239.00 ag 8.00 dg 1.00
#124 (32.41 fps) exp 33239.00 ag 8.00 dg 1.00
#125 (32.41 fps) exp 33239.00 ag 8.00 dg 1.00
#126 (32.41 fps) exp 33239.00 ag 8.00 dg 1.00
#127 (32.40 fps) exp 33239.00 ag 8.00 dg 1.00
#128 (32.40 fps) exp 33239.00 ag 8.00 dg 1.00
#129 (32.42 fps) exp 33239.00 ag 8.00 dg 1.00
#130 (32.38 fps) exp 33239.00 ag 8.00 dg 1.00
#131 (32.43 fps) exp 33239.00 ag 8.00 dg 1.00
#132 (32.40 fps) exp 33239.00 ag 8.00 dg 1.00
#133 (32.40 fps) exp 33239.00 ag 8.00 dg 1.00
#134 (32.41 fps) exp 33239.00 ag 8.00 dg 1.00
#135 (32.41 fps) exp 33239.00 ag 8.00 dg 1.00
#136 (32.40 fps) exp 33239.00 ag 8.00 dg 1.00
#137 (32.41 fps) exp 33239.00 ag 8.00 dg 1.00
#138 (32.41 fps) exp 33239.00 ag 8.00 dg 1.00
#139 (32.41 fps) exp 33239.00 ag 8.00 dg 1.00
#140 (32.41 fps) exp 33239.00 ag 8.00 dg 1.00
#141 (32.41 fps) exp 33239.00 ag 8.00 dg 1.00
#142 (32.40 fps) exp 33239.00 ag 8.00 dg 1.00
#143 (32.40 fps) exp 33239.00 ag 8.00 dg 1.00
#144 (32.41 fps) exp 33239.00 ag 8.00 dg 1.00
#145 (32.41 fps) exp 33239.00 ag 8.00 dg 1.00
#146 (32.38 fps) exp 33239.00 ag 8.00 dg 1.00
#147 (32.43 fps) exp 33239.00 ag 8.00 dg 1.00
#148 (32.41 fps) exp 33239.00 ag 8.00 dg 1.00
#149 (32.41 fps) exp 33239.00 ag 8.00 dg 1.00
#150 (32.40 fps) exp 33239.00 ag 8.00 dg 1.00
#151 (32.42 fps) exp 33239.00 ag 8.00 dg 1.00
#152 (32.40 fps) exp 33239.00 ag 8.00 dg 1.00
#153 (32.41 fps) exp 33239.00 ag 8.00 dg 1.00
#154 (32.41 fps) exp 33239.00 ag 8.00 dg 1.00
#155 (32.40 fps) exp 33239.00 ag 8.00 dg 1.00
#156 (32.41 fps) exp 33239.00 ag 8.00 dg 1.00
#157 (32.41 fps) exp 33239.00 ag 8.00 dg 1.00
Mode selection for 320:256:12:P
    SGBRG10_CSI2P,640x480/0 - Score: 1167.25
    SGBRG10_CSI2P,1296x972/0 - Score: 1454.25
    SGBRG10_CSI2P,1920x1080/0 - Score: 1803.92
    SGBRG10_CSI2P,2592x1944/0 - Score: 2021.25
Stream configuration adjusted
[0:00:54.057451385] [1022] [1;32m INFO [1;37mCamera [1;34mcamera.cpp:1215 [0mconfiguring streams: (0) 320x256-YUV420/sYCC (1) 640x480-SGBRG10_CSI2P/RAW
[0:00:54.066402322] [1042] [1;32m INFO [1;37mRPI [1;34mvc4.cpp:620 [0mSensor: /base/soc/i2c0mux/i2c@1/ov5647@36 - Selected sensor format: 640x480-SGBRG10_1X10/RAW - Selected unicam format: 640x480-pGAA/RAW
Still capture image received
Playing WAVE 'sstv.wav' : Signed 16 bit Little Endian, Rate 48000 Hz, Mono
Run id
uid=1000(w2cxm) gid=1000(w2cxm) groups=1000(w2cxm),4(adm),20(dialout),24(cdrom),27(sudo),29(audio),44(video),46(plugdev),60(games),100(users),102(netdev),108(lpadmin),986(gpio),988(i2c),989(spi),992(render),996(input)
RAN id
[0:00:48.311437533] [1020] [1;32m INFO [1;37mCamera [1;34mcamera_manager.cpp:340 [0mlibcamera v0.6.0+rpt20251202
[0:00:48.588780762] [1042] [1;32m INFO [1;37mIPAProxy [1;34mipa_proxy.cpp:180 [0mUsing tuning file /usr/share/libcamera/ipa/rpi/vc4/ov5647.json
[0:00:48.636645189] [1042] [1;32m INFO [1;37mCamera [1;34mcamera_manager.cpp:223 [0mAdding camera '/base/soc/i2c0mux/i2c@1/ov5647@36' for pipeline handler rpi/vc4
[0:00:48.636963939] [1042] [1;32m INFO [1;37mRPI [1;34mvc4.cpp:445 [0mRegistered camera /base/soc/i2c0mux/i2c@1/ov5647@36 to Unicam device /dev/media2 and ISP device /dev/media0
[0:00:48.637124043] [1042] [1;32m INFO [1;37mRPI [1;34mpipeline_base.cpp:1111 [0mUsing configuration file '/usr/share/libcamera/pipeline/rpi/vc4/rpi_apps.yaml'
Made X/EGL preview window
Made DRM preview window
Preview window unavailable
Mode selection for 1214:972:12:P
    SGBRG10_CSI2P,640x480/0 - Score: 3163.64
    SGBRG10_CSI2P,1296x972/0 - Score: 1052.14
    SGBRG10_CSI2P,1920x1080/0 - Score: 1401.8
    SGBRG10_CSI2P,2592x1944/0 - Score: 1619.14
Stream configuration adjusted
[0:00:50.137576282] [1020] [1;32m INFO [1;37mCamera [1;34mcamera.cpp:1215 [0mconfiguring streams: (0) 1214x972-YUV420/sYCC (1) 1296x972-SGBRG10_CSI2P/RAW
[0:00:50.138692063] [1042] [1;32m INFO [1;37mRPI [1;34mvc4.cpp:620 [0mSensor: /base/soc/i2c0mux/i2c@1/ov5647@36 - Selected sensor format: 1296x972-SGBRG10_1X10/RAW - Selected unicam format: 1296x972-pGAA/RAW
#10 (0.00 fps) exp 33239.00 ag 8.00 dg 1.00
#11 (32.41 fps) exp 33239.00 ag 8.00 dg 1.00
#12 (32.41 fps) exp 33239.00 ag 8.00 dg 1.00
#13 (32.41 fps) exp 33239.00 ag 8.00 dg 1.00
#14 (32.41 fps) exp 33239.00 ag 8.00 dg 1.00
#15 (32.41 fps) exp 33239.00 ag 8.00 dg 1.00
#16 (32.40 fps) exp 33239.00 ag 8.00 dg 1.00
#17 (32.41 fps) exp 33239.00 ag 8.00 dg 1.00
#18 (32.41 fps) exp 33239.00 ag 8.00 dg 1.00
#19 (32.41 fps) exp 33239.00 ag 8.00 dg 1.00
#20 (32.41 fps) exp 33239.00 ag 8.00 dg 1.00
#21 (32.41 fps) exp 33239.00 ag 8.00 dg 1.00
#22 (32.40 fps) exp 33239.00 ag 8.00 dg 1.00
#23 (32.41 fps) exp 33239.00 ag 8.00 dg 1.00
#24 (32.41 fps) exp 33239.00 ag 8.00 dg 1.00
#25 (32.41 fps) exp 33239.00 ag 8.00 dg 1.00
#26 (32.41 fps) exp 33239.00 ag 8.00 dg 1.00
#27 (32.41 fps) exp 33239.00 ag 8.00 dg 1.00
#28 (32.41 fps) exp 33239.00 ag 8.00 dg 1.00
#29 (32.40 fps) exp 33239.00 ag 8.00 dg 1.00
#30 (32.42 fps) exp 33239.00 ag 8.00 dg 1.00
#31 (32.40 fps) exp 33239.00 ag 8.00 dg 1.00
#32 (32.40 fps) exp 33239.00 ag 8.00 dg 1.00
#33 (32.41 fps) exp 33239.00 ag 8.00 dg 1.00
#34 (32.41 fps) exp 33239.00 ag 8.00 dg 1.00
#35 (32.41 fps) exp 33239.00 ag 8.00 dg 1.00
#36 (32.40 fps) exp 33239.00 ag 8.00 dg 1.00
#37 (32.40 fps) exp 33239.00 ag 8.00 dg 1.00
#38 (32.41 fps) exp 33239.00 ag 8.00 dg 1.00
#39 (32.41 fps) exp 33239.00 ag 8.00 dg 1.00
#40 (32.40 fps) exp 33239.00 ag 8.00 dg 1.00
#41 (32.41 fps) exp 33239.00 ag 8.00 dg 1.00
#42 (32.40 fps) exp 33239.00 ag 8.00 dg 1.00
#43 (32.41 fps) exp 33239.00 ag 8.00 dg 1.00
#44 (32.40 fps) exp 33239.00 ag 8.00 dg 1.00
#45 (32.41 fps) exp 33239.00 ag 8.00 dg 1.00
#46 (32.41 fps) exp 33239.00 ag 8.00 dg 1.00
#47 (32.41 fps) exp 33239.00 ag 8.00 dg 1.00
#48 (32.41 fps) exp 33239.00 ag 8.00 dg 1.00
#49 (32.40 fps) exp 33239.00 ag 8.00 dg 1.00
#50 (32.41 fps) exp 33239.00 ag 8.00 dg 1.00
#51 (32.40 fps) exp 33239.00 ag 8.00 dg 1.00
#52 (32.41 fps) exp 33239.00 ag 8.00 dg 1.00
#53 (32.41 fps) exp 33239.00 ag 8.00 dg 1.00
#54 (32.41 fps) exp 33239.00 ag 8.00 dg 1.00
#55 (32.40 fps) exp 33239.00 ag 8.00 dg 1.00
#56 (32.41 fps) exp 33239.00 ag 8.00 dg 1.00
#57 (32.40 fps) exp 33239.00 ag 8.00 dg 1.00
#58 (32.42 fps) exp 33239.00 ag 8.00 dg 1.00
#59 (32.40 fps) exp 33239.00 ag 8.00 dg 1.00
#60 (32.41 fps) exp 33239.00 ag 8.00 dg 1.00
#61 (32.41 fps) exp 33239.00 ag 8.00 dg 1.00
#62 (32.41 fps) exp 33239.00 ag 8.00 dg 1.00
#63 (32.41 fps) exp 33239.00 ag 8.00 dg 1.00
#64 (32.40 fps) exp 33239.00 ag 8.00 dg 1.00
#65 (32.41 fps) exp 33239.00 ag 8.00 dg 1.00
#66 (32.40 fps) exp 33239.00 ag 8.00 dg 1.00
#67 (32.41 fps) exp 33239.00 ag 8.00 dg 1.00
#68 (32.41 fps) exp 33239.00 ag 8.00 dg 1.00
#69 (32.40 fps) exp 33239.00 ag 8.00 dg 1.00
#70 (32.40 fps) exp 33239.00 ag 8.00 dg 1.00
#71 (32.41 fps) exp 33239.00 ag 8.00 dg 1.00
#72 (32.41 fps) exp 33239.00 ag 8.00 dg 1.00
#73 (32.41 fps) exp 33239.00 ag 8.00 dg 1.00
#74 (32.40 fps) exp 33239.00 ag 8.00 dg 1.00
#75 (32.40 fps) exp 33239.00 ag 8.00 dg 1.00
#76 (32.40 fps) exp 33239.00 ag 8.00 dg 1.00
#77 (32.43 fps) exp 33239.00 ag 8.00 dg 1.00
#78 (32.40 fps) exp 33239.00 ag 8.00 dg 1.00
#79 (32.41 fps) exp 33239.00 ag 8.00 dg 1.00
#80 (32.40 fps) exp 33239.00 ag 8.00 dg 1.00
#81 (32.40 fps) exp 33239.00 ag 8.00 dg 1.00
#82 (32.41 fps) exp 33239.00 ag 8.00 dg 1.00
#83 (32.41 fps) exp 33239.00 ag 8.00 dg 1.00
#84 (32.40 fps) exp 33239.00 ag 8.00 dg 1.00
#85 (32.41 fps) exp 33239.00 ag 8.00 dg 1.00
#86 (32.41 fps) exp 33239.00 ag 8.00 dg 1.00
#87 (32.41 fps) exp 33239.00 ag 8.00 dg 1.00
#88 (32.41 fps) exp 33239.00 ag 8.00 dg 1.00
#89 (32.41 fps) exp 33239.00 ag 8.00 dg 1.00
#90 (32.41 fps) exp 33239.00 ag 8.00 dg 1.00
#91 (32.41 fps) exp 33239.00 ag 8.00 dg 1.00
#92 (32.40 fps) exp 33239.00 ag 8.00 dg 1.00
#93 (32.41 fps) exp 33239.00 ag 8.00 dg 1.00
#94 (32.41 fps) exp 33239.00 ag 8.00 dg 1.00
#95 (32.41 fps) exp 33239.00 ag 8.00 dg 1.00
#96 (32.41 fps) exp 33239.00 ag 8.00 dg 1.00
#97 (32.41 fps) exp 33239.00 ag 8.00 dg 1.00
#98 (32.40 fps) exp 33239.00 ag 8.00 dg 1.00
#99 (32.41 fps) exp 33239.00 ag 8.00 dg 1.00
#100 (32.41 fps) exp 33239.00 ag 8.00 dg 1.00
#101 (32.40 fps) exp 33239.00 ag 8.00 dg 1.00
#102 (32.41 fps) exp 33239.00 ag 8.00 dg 1.00
#103 (32.41 fps) exp 33239.00 ag 8.00 dg 1.00
#104 (32.40 fps) exp 33239.00 ag 8.00 dg 1.00
#105 (32.42 fps) exp 33239.00 ag 8.00 dg 1.00
#106 (32.40 fps) exp 33239.00 ag 8.00 dg 1.00
#107 (32.41 fps) exp 33239.00 ag 8.00 dg 1.00
#108 (32.40 fps) exp 33239.00 ag 8.00 dg 1.00
#109 (32.41 fps) exp 33239.00 ag 8.00 dg 1.00
#110 (32.41 fps) exp 33239.00 ag 8.00 dg 1.00
#111 (32.41 fps) exp 33239.00 ag 8.00 dg 1.00
#112 (32.41 fps) exp 33239.00 ag 8.00 dg 1.00
#113 (32.41 fps) exp 33239.00 ag 8.00 dg 1.00
#114 (32.41 fps) exp 33239.00 ag 8.00 dg 1.00
#115 (32.41 fps) exp 33239.00 ag 8.00 dg 1.00
#116 (32.40 fps) exp 33239.00 ag 8.00 dg 1.00
#117 (32.41 fps) exp 33239.00 ag 8.00 dg 1.00
#118 (32.40 fps) exp 33239.00 ag 8.00 dg 1.00
#119 (32.41 fps) exp 33239.00 ag 8.00 dg 1.00
#120 (32.41 fps) exp 33239.00 ag 8.00 dg 1.00
#121 (32.41 fps) exp 33239.00 ag 8.00 dg 1.00
#122 (32.41 fps) exp 33239.00 ag 8.00 dg 1.00
#123 (32.41 fps) exp 33239.00 ag 8.00 dg 1.00
#124 (32.40 fps) exp 33239.00 ag 8.00 dg 1.00
#125 (32.42 fps) exp 33239.00 ag 8.00 dg 1.00
#126 (32.41 fps) exp 33239.00 ag 8.00 dg 1.00
#127 (32.40 fps) exp 33239.00 ag 8.00 dg 1.00
#128 (32.42 fps) exp 33239.00 ag 8.00 dg 1.00
#129 (32.40 fps) exp 33239.00 ag 8.00 dg 1.00
#130 (32.41 fps) exp 33239.00 ag 8.00 dg 1.00
#131 (32.41 fps) exp 33239.00 ag 8.00 dg 1.00
#132 (32.40 fps) exp 33239.00 ag 8.00 dg 1.00
#133 (32.41 fps) exp 33239.00 ag 8.00 dg 1.00
#134 (32.41 fps) exp 33239.00 ag 8.00 dg 1.00
#135 (32.41 fps) exp 33239.00 ag 8.00 dg 1.00
#136 (32.41 fps) exp 33239.00 ag 8.00 dg 1.00
#137 (32.40 fps) exp 33239.00 ag 8.00 dg 1.00
#138 (32.41 fps) exp 33239.00 ag 8.00 dg 1.00
#139 (32.41 fps) exp 33239.00 ag 8.00 dg 1.00
#140 (32.41 fps) exp 33239.00 ag 8.00 dg 1.00
#141 (32.41 fps) exp 33239.00 ag 8.00 dg 1.00
#142 (32.40 fps) exp 33239.00 ag 8.00 dg 1.00
#143 (32.41 fps) exp 33239.00 ag 8.00 dg 1.00
#144 (32.41 fps) exp 33239.00 ag 8.00 dg 1.00
#145 (32.41 fps) exp 33239.00 ag 8.00 dg 1.00
#146 (32.40 fps) exp 33239.00 ag 8.00 dg 1.00
#147 (32.41 fps) exp 33239.00 ag 8.00 dg 1.00
#148 (32.41 fps) exp 33239.00 ag 8.00 dg 1.00
#149 (32.40 fps) exp 33239.00 ag 8.00 dg 1.00
#150 (32.41 fps) exp 33239.00 ag 8.00 dg 1.00
#151 (32.40 fps) exp 33239.00 ag 8.00 dg 1.00
#152 (32.41 fps) exp 33239.00 ag 8.00 dg 1.00
#153 (32.41 fps) exp 33239.00 ag 8.00 dg 1.00
#154 (32.41 fps) exp 33239.00 ag 8.00 dg 1.00
#155 (32.41 fps) exp 33239.00 ag 8.00 dg 1.00
#156 (32.40 fps) exp 33239.00 ag 8.00 dg 1.00
Mode selection for 320:256:12:P
    SGBRG10_CSI2P,640x480/0 - Score: 1167.25
    SGBRG10_CSI2P,1296x972/0 - Score: 1454.25
    SGBRG10_CSI2P,1920x1080/0 - Score: 1803.92
    SGBRG10_CSI2P,2592x1944/0 - Score: 2021.25
Stream configuration adjusted
[0:00:55.226838363] [1020] [1;32m INFO [1;37mCamera [1;34mcamera.cpp:1215 [0mconfiguring streams: (0) 320x256-YUV420/sYCC (1) 640x480-SGBRG10_CSI2P/RAW
[0:00:55.234018884] [1042] [1;32m INFO [1;37mRPI [1;34mvc4.cpp:620 [0mSensor: /base/soc/i2c0mux/i2c@1/ov5647@36 - Selected sensor format: 640x480-SGBRG10_1X10/RAW - Selected unicam format: 640x480-pGAA/RAW
Still capture image received
Playing WAVE 'sstv.wav' : Signed 16 bit Little Endian, Rate 48000 Hz, Mono
Run id
uid=1000(w2cxm) gid=1000(w2cxm) groups=1000(w2cxm),4(adm),20(dialout),24(cdrom),27(sudo),29(audio),44(video),46(plugdev),60(games),100(users),102(netdev),108(lpadmin),986(gpio),988(i2c),989(spi),992(render),996(input)
RAN id
[0:00:45.122799252] [1028] [1;32m INFO [1;37mCamera [1;34mcamera_manager.cpp:340 [0mlibcamera v0.6.0+rpt20251202
[0:00:45.395536596] [1061] [1;32m INFO [1;37mIPAProxy [1;34mipa_proxy.cpp:180 [0mUsing tuning file /usr/share/libcamera/ipa/rpi/vc4/ov5647.json
[0:00:45.445568002] [1061] [1;32m INFO [1;37mCamera [1;34mcamera_manager.cpp:223 [0mAdding camera '/base/soc/i2c0mux/i2c@1/ov5647@36' for pipeline handler rpi/vc4
[0:00:45.445683367] [1061] [1;32m INFO [1;37mRPI [1;34mvc4.cpp:445 [0mRegistered camera /base/soc/i2c0mux/i2c@1/ov5647@36 to Unicam device /dev/media3 and ISP device /dev/media0
[0:00:45.445742638] [1061] [1;32m INFO [1;37mRPI [1;34mpipeline_base.cpp:1111 [0mUsing configuration file '/usr/share/libcamera/pipeline/rpi/vc4/rpi_apps.yaml'
Made X/EGL preview window
Made DRM preview window
Mode selection for 1214:972:12:P
    SGBRG10_CSI2P,640x480/0 - Score: 3163.64
    SGBRG10_CSI2P,1296x972/0 - Score: 1052.14
    SGBRG10_CSI2P,1920x1080/0 - Score: 1401.8
    SGBRG10_CSI2P,2592x1944/0 - Score: 1619.14
Stream configuration adjusted
[0:00:47.464878679] [1028] [1;32m INFO [1;37mCamera [1;34mcamera.cpp:1215 [0mconfiguring streams: (0) 1214x972-YUV420/sYCC (1) 1296x972-SGBRG10_CSI2P/RAW
[0:00:47.465513210] [1061] [1;32m INFO [1;37mRPI [1;34mvc4.cpp:620 [0mSensor: /base/soc/i2c0mux/i2c@1/ov5647@36 - Selected sensor format: 1296x972-SGBRG10_1X10/RAW - Selected unicam format: 1296x972-pGAA/RAW
Mode selection for 320:256:12:P
    SGBRG10_CSI2P,640x480/0 - Score: 1167.25
    SGBRG10_CSI2P,1296x972/0 - Score: 1454.25
    SGBRG10_CSI2P,1920x1080/0 - Score: 1803.92
    SGBRG10_CSI2P,2592x1944/0 - Score: 2021.25
Stream configuration adjusted
[0:00:52.544569510] [1028] [1;32m INFO [1;37mCamera [1;34mcamera.cpp:1215 [0mconfiguring streams: (0) 320x256-YUV420/sYCC (1) 640x480-SGBRG10_CSI2P/RAW
[0:00:52.547698208] [1061] [1;32m INFO [1;37mRPI [1;34mvc4.cpp:620 [0mSensor: /base/soc/i2c0mux/i2c@1/ov5647@36 - Selected sensor format: 640x480-SGBRG10_1X10/RAW - Selected unicam format: 640x480-pGAA/RAW
Still capture image received
Playing WAVE 'sstv.wav' : Signed 16 bit Little Endian, Rate 48000 Hz, Mono
Run id
uid=1000(w2cxm) gid=1000(w2cxm) groups=1000(w2cxm),4(adm),20(dialout),24(cdrom),27(sudo),29(audio),44(video),46(plugdev),60(games),100(users),102(netdev),108(lpadmin),986(gpio),988(i2c),989(spi),992(render),996(input)
RAN id
[0:00:48.070312324] [1041] [1;32m INFO [1;37mCamera [1;34mcamera_manager.cpp:340 [0mlibcamera v0.6.0+rpt20251202
[0:00:48.332431855] [1071] [1;32m INFO [1;37mIPAProxy [1;34mipa_proxy.cpp:180 [0mUsing tuning file /usr/share/libcamera/ipa/rpi/vc4/ov5647.json
[0:00:48.360541751] [1071] [1;32m INFO [1;37mCamera [1;34mcamera_manager.cpp:223 [0mAdding camera '/base/soc/i2c0mux/i2c@1/ov5647@36' for pipeline handler rpi/vc4
[0:00:48.360670605] [1071] [1;32m INFO [1;37mRPI [1;34mvc4.cpp:445 [0mRegistered camera /base/soc/i2c0mux/i2c@1/ov5647@36 to Unicam device /dev/media3 and ISP device /dev/media0
[0:00:48.360729199] [1071] [1;32m INFO [1;37mRPI [1;34mpipeline_base.cpp:1111 [0mUsing configuration file '/usr/share/libcamera/pipeline/rpi/vc4/rpi_apps.yaml'
Made X/EGL preview window
Made DRM preview window
Mode selection for 1214:972:12:P
    SGBRG10_CSI2P,640x480/0 - Score: 3163.64
    SGBRG10_CSI2P,1296x972/0 - Score: 1052.14
    SGBRG10_CSI2P,1920x1080/0 - Score: 1401.8
    SGBRG10_CSI2P,2592x1944/0 - Score: 1619.14
Stream configuration adjusted
[0:00:50.524026594] [1041] [1;32m INFO [1;37mCamera [1;34mcamera.cpp:1215 [0mconfiguring streams: (0) 1214x972-YUV420/sYCC (1) 1296x972-SGBRG10_CSI2P/RAW
[0:00:50.524609615] [1071] [1;32m INFO [1;37mRPI [1;34mvc4.cpp:620 [0mSensor: /base/soc/i2c0mux/i2c@1/ov5647@36 - Selected sensor format: 1296x972-SGBRG10_1X10/RAW - Selected unicam format: 1296x972-pGAA/RAW
Mode selection for 320:256:12:P
    SGBRG10_CSI2P,640x480/0 - Score: 1167.25
    SGBRG10_CSI2P,1296x972/0 - Score: 1454.25
    SGBRG10_CSI2P,1920x1080/0 - Score: 1803.92
    SGBRG10_CSI2P,2592x1944/0 - Score: 2021.25
Stream configuration adjusted
[0:00:55.598186592] [1041] [1;32m INFO [1;37mCamera [1;34mcamera.cpp:1215 [0mconfiguring streams: (0) 320x256-YUV420/sYCC (1) 640x480-SGBRG10_CSI2P/RAW
[0:00:55.601857894] [1071] [1;32m INFO [1;37mRPI [1;34mvc4.cpp:620 [0mSensor: /base/soc/i2c0mux/i2c@1/ov5647@36 - Selected sensor format: 640x480-SGBRG10_1X10/RAW - Selected unicam format: 640x480-pGAA/RAW
Still capture image received
Playing WAVE 'sstv.wav' : Signed 16 bit Little Endian, Rate 48000 Hz, Mono
Run id
uid=1000(w2cxm) gid=1000(w2cxm) groups=1000(w2cxm),4(adm),20(dialout),24(cdrom),27(sudo),29(audio),44(video),46(plugdev),60(games),100(users),102(netdev),108(lpadmin),986(gpio),988(i2c),989(spi),992(render),996(input)
RAN id
[0:00:48.299328574] [1041] [1;32m INFO [1;37mCamera [1;34mcamera_manager.cpp:340 [0mlibcamera v0.6.0+rpt20251202
[0:00:48.557683522] [1074] [1;32m INFO [1;37mIPAProxy [1;34mipa_proxy.cpp:180 [0mUsing tuning file /usr/share/libcamera/ipa/rpi/vc4/ov5647.json
[0:00:48.589469668] [1074] [1;32m INFO [1;37mCamera [1;34mcamera_manager.cpp:223 [0mAdding camera '/base/soc/i2c0mux/i2c@1/ov5647@36' for pipeline handler rpi/vc4
[0:00:48.589655241] [1074] [1;32m INFO [1;37mRPI [1;34mvc4.cpp:445 [0mRegistered camera /base/soc/i2c0mux/i2c@1/ov5647@36 to Unicam device /dev/media3 and ISP device /dev/media0
[0:00:48.589836282] [1074] [1;32m INFO [1;37mRPI [1;34mpipeline_base.cpp:1111 [0mUsing configuration file '/usr/share/libcamera/pipeline/rpi/vc4/rpi_apps.yaml'
Made X/EGL preview window
Made DRM preview window
Mode selection for 1214:972:12:P
    SGBRG10_CSI2P,640x480/0 - Score: 3163.64
    SGBRG10_CSI2P,1296x972/0 - Score: 1052.14
    SGBRG10_CSI2P,1920x1080/0 - Score: 1401.8
    SGBRG10_CSI2P,2592x1944/0 - Score: 1619.14
Stream configuration adjusted
[0:00:50.354935761] [1041] [1;32m INFO [1;37mCamera [1;34mcamera.cpp:1215 [0mconfiguring streams: (0) 1214x972-YUV420/sYCC (1) 1296x972-SGBRG10_CSI2P/RAW
[0:00:50.355530188] [1074] [1;32m INFO [1;37mRPI [1;34mvc4.cpp:620 [0mSensor: /base/soc/i2c0mux/i2c@1/ov5647@36 - Selected sensor format: 1296x972-SGBRG10_1X10/RAW - Selected unicam format: 1296x972-pGAA/RAW
Mode selection for 320:256:12:P
    SGBRG10_CSI2P,640x480/0 - Score: 1167.25
    SGBRG10_CSI2P,1296x972/0 - Score: 1454.25
    SGBRG10_CSI2P,1920x1080/0 - Score: 1803.92
    SGBRG10_CSI2P,2592x1944/0 - Score: 2021.25
Stream configuration adjusted
[0:00:55.435418728] [1041] [1;32m INFO [1;37mCamera [1;34mcamera.cpp:1215 [0mconfiguring streams: (0) 320x256-YUV420/sYCC (1) 640x480-SGBRG10_CSI2P/RAW
[0:00:55.450642634] [1074] [1;32m INFO [1;37mRPI [1;34mvc4.cpp:620 [0mSensor: /base/soc/i2c0mux/i2c@1/ov5647@36 - Selected sensor format: 640x480-SGBRG10_1X10/RAW - Selected unicam format: 640x480-pGAA/RAW
Still capture image received
Playing WAVE 'sstv.wav' : Signed 16 bit Little Endian, Rate 48000 Hz, Mono
